prices,address,zip code,beds,baths,sqft,type
2995000, 548 Willow Brook Dr S Calgary AB T2J 1N7 ,T2J,6,6,4688,House
1999999, 18 S Spring Glen Vw SW Calgary AB T3H 6A1 ,T3H,6,6,4438,House
1749000, 85 N Slopes Poin SW Calgary AB T3H 3Y8 ,T3H,4,3,2533,House
1675000, 2027 N 49th Ave SW Calgary AB T2T 2V5 ,T2T,5,4,2631,House
1399900, 64 E Cranarch Hts SE Calgary AB T3M 0V6 ,T3M,3,4,2091,House
1385000, 208 W Aspen Dale Way SW Calgary AB T3H 0R9 ,T3H,4,4,2991,House
1238000, 182 W Grove Rise SW Calgary AB T3H 0S3 ,T3H,5,5,2881,House
1049000, 46 Chapala Cres SE Calgary AB T2X 3M4 ,T2X,5,4,2649,House
1049000, 936 S 7th Ave NE Calgary AB T2E 0N8 ,T2E,4,2,1152,House
999900, 35 S Cougarstone Poin SW Calgary AB T3H 4Z3 ,T3H,4,4,2353,House
998000, 303 S Aspen Meadows Hl SW Calgary AB T3H 0G3 ,T3H,3,4,2980,Townhouse
929900, 826 S 17th Ave SE Calgary AB T2G 1J3 ,T2G,4,2,1114,House
925900, 19 N Auburn Sound Mnr SE Calgary AB T3M 0G5 ,T3M,3,3,1705,House
925000, 111 N Sienna Park Ter SW Calgary AB T3H 3L3 ,T3H,4,4,2411,House
900000, 52 N Walcrest Vw SE Calgary AB T2X 4G3 ,T2X,4,3,2843,House
899900, 27 NW Mahogany Park SE Calgary AB T3M 2J9 ,T3M,3,4,2431,House
880000, 26 NW Chapala Ct SE Calgary AB T2X 3M5 ,T2X,5,4,2312,House
869000, 73 SW Cranarch Cmn SE Calgary AB T3M 1M1 ,T3M,4,4,2635,House
850000, 80 E Wentworth Cres SW Calgary AB T3H 5V2 ,T3H,4,1,3359,House
850000, 40 W Cougar Ridge Mnr SW Calgary AB T3H 0V3 ,T3H,5,5,2571,House
825000, 826 S 19th Ave NW Calgary AB T2M 0Z3 ,T2M,4,5,1789,House
800000, 23 E Mahogany Way SE Calgary AB T3M 1N4 ,T3M,3,3,2305,House
800000, 1617 SE Strathcona Dr SW Calgary AB T3H 5B1 ,T3H,5,4,2293,House
799900, 2107 N 3rd Ave NW Calgary AB T2N 0K5 ,T2N,2,3,1715,House
799900, 259 N Saint Moritz Dr SW Calgary AB T3H 5X8 ,T3H,3,4,2067,House
799500, 160 NW Skyview Shores Mnr NE Calgary AB T3N 0J1 ,T3N,8,7,3253,House
799000, 5931 E 20th St SW Calgary AB T3E 1R8 ,T3E,3,3,1716,House
785000, 14 E Coral Springs Gdns NE Calgary AB T3J 3Y2 ,T3J,6,3,2245,House
775000, 253 N Evergreen Plz SW Calgary AB T2Y 5B2 ,T2Y,4,4,2376,House
774900, 3338 W 39th St SW Calgary AB T3E 3J2 ,T3E,4,4,1910,House
769900, 6359 NE Dalbeattie Hl NW Calgary AB T3A 1M4 ,T3A,4,3,1179,House
769900, 508 S 18th Ave NW Calgary AB T2M 0T6 ,T2M,4,4,1702,House
760000, 5 N Taralake Mnr NE Calgary AB T3J 0N3 ,T3J,6,5,2329,House
750000, 170 N Strathridge Clos SW Calgary AB T3H 4J3 ,T3H,3,4,1992,House
749900, 5604 N 20th St SW Calgary AB T3E 1R4 ,T3E,5,2,1175,House
740000, 11204 NW Wilson Rd SE Calgary AB T2J 2E2 ,T2J,4,2,1149,House
739900, 308 W Prestwick Estate Way SE Calgary AB T2Z 3Z1 ,T2Z,6,5,1924,House
730000, 2720 W 20th St SW Calgary AB T2T 0B9 ,T2T,3,3,1632,House
729900, 183 NE Legacy Cir SE Calgary AB T2X 0X7 ,T2X,3,3,2190,House
729900, 535 E Evergreen Cir SW Calgary AB T2Y 0H2 ,T2Y,4,4,2350,House
725000, 224 W Sienna Park Dr SW Calgary AB T3H 3L5 ,T3H,4,4,2025,House
725000, 25 SE Cresthaven Way SW Calgary AB T3B 5X8 ,T3B,3,4,1561,House
725000, 3363 SW Breton Clos NW Calgary AB T2L 1X3 ,T2L,3,2,1147,House
725000, 3610 W 1a St SW Calgary AB T2S 1R5 ,T2S,3,2,739,House
724900, 10 S Cranwell Clos SE Calgary AB T3M 1A8 ,T3M,3,3,2211,House
719900, 30 SW Rockyspring Hl NW Calgary AB T3G 6A3 ,T3G,4,4,2176,House
701700, 7220 E 24th St SE Calgary AB T2C 0Y5 ,T2C,3,3,2042,House
699900, 2039 N 55th Ave SW Calgary AB T3E 1M5 ,T3E,5,2,1073,House
699900, 34 Rockyledge Rise SW Calgary AB T3G 5P8 ,T3G,4,3,2239,House
699900, 64 W Cumberland Dr NW Calgary AB T2K 1T1 ,T2K,3,2,1156,House
698900, 38 Kincora Cres NW Calgary AB T3R 0N4 ,T3R,4,4,2018,House
695000, 148 N Coachwood Cres SW Calgary AB T3H 1C1 ,T3H,4,4,2148,House
689000, 5 W Sydney Dr SW Calgary AB T2W 0S7 ,T2W,5,4,1313,House
680000, 2128 E Sirocco Dr SW Calgary AB T3H 2M8 ,T3H,3,3,2256,House
679900, 14 N Marthas Meadow Clos NE Calgary AB T3J 4N7 ,T3J,5,4,1745,House
675000, 344 N Point McKay Gdns NW Calgary AB T3B 4V8 ,T3B,3,3,1425,Townhouse
669900, 84 S Nolancrest Grn NW Calgary AB T3R 0V7 ,T3R,3,4,1858,House
665000, 209 E Nolanhurst Way NW Calgary AB T3R 1S7 ,T3R,3,3,1835,House
659900, 106 NE Everglen Cres SW Calgary AB T2Y 0G5 ,T2Y,4,3,2334,House
650000, 55 E Cougar Ridge Cir SW Calgary AB T3H 5C8 ,T3H,4,3,1891,House
650000, 81 N Country Hills Clos NW Calgary AB T3K 3Z2 ,T3K,3,3,1574,House
650000, 129 N 29th Ave NW Calgary AB T2M 2L9 ,T2M,6,2,1039,House
650000, 104 N Cougarstone Cmn SW Calgary AB T3H 5P6 ,T3H,4,4,1778,House
649999, 95 NW Bridleridge Cres SW Calgary AB T2Y 4E9 ,T2Y,4,4,1806,House
649900, 232 SE Eversyde Way SW Calgary AB T2Y 4V5 ,T2Y,3,4,1909,House
649900, 20 NW Skyview Springs Rd NE Calgary AB T3N 0C3 ,T3N,4,4,1586,House
649900, 161 W Ranch Pl SW Calgary AB T3H 5C1 ,T3H,4,3,1645,House
649000, 83 NE Citadel Ridge Clos NW Calgary AB T3G 4V6 ,T3G,5,4,2085,House
639900, 787 S New Brighton Dr SE Calgary AB T2Z 1A1 ,T2Z,2,3,1233,House
635000, 11 W Evanscrest Way NW Calgary AB T3P 0R4 ,T3P,4,4,1534,House
625000, 196 N Royal Birch Cir NW Calgary AB T3G 5L4 ,T3G,3,4,1611,House
615000, 244 E Sandalwood Pl NW Calgary AB T3K 4B3 ,T3K,5,3,1935,House
600000, 3828 N Brantford Dr NW Calgary AB T2L 1H9 ,T2L,4,2,1468,House
599999, 2645 S 21st St SW Calgary AB T2T 5A9 ,T2T,4,2,992,House
599900, 114 S Cornerbrook Mnr NE Calgary AB T3N 1V3 ,T3N,3,3,1821,House
599900, 114 S Cornerbrook Mnr NE Calgary AB T3N 1V3 ,T3N,3,3,1821,House
599900, 4 W Saddlecrest Grn NE Calgary AB T3J 5N5 ,T3J,3,3,1660,House
599900, 8 SW Schooner Clos NW Calgary AB T3L 1Y7 ,T3L,4,3,2017,House
599900, 114 S Cornerbrook Mnr NE Calgary AB T3N 1V3 ,T3N,3,3,1821,House
599900, 114 S Cornerbrook Mnr NE Calgary AB T3N 1V3 ,T3N,3,3,1821,House
599900, 114 S Cornerbrook Mnr NE Calgary AB T3N 1V3 ,T3N,3,3,1821,House
599900, 114 S Cornerbrook Mnr NE Calgary AB T3N 1V3 ,T3N,3,3,1821,House
599900, 114 S Cornerbrook Mnr NE Calgary AB T3N 1V3 ,T3N,3,3,1821,House
599900, 114 S Cornerbrook Mnr NE Calgary AB T3N 1V3 ,T3N,3,3,1821,House
599900, 114 S Cornerbrook Mnr NE Calgary AB T3N 1V3 ,T3N,3,3,1821,House
599900, 114 S Cornerbrook Mnr NE Calgary AB T3N 1V3 ,T3N,3,3,1821,House
599900, 114 S Cornerbrook Mnr NE Calgary AB T3N 1V3 ,T3N,3,3,1821,House
599900, 114 S Cornerbrook Mnr NE Calgary AB T3N 1V3 ,T3N,3,3,1821,House
599900, 114 S Cornerbrook Mnr NE Calgary AB T3N 1V3 ,T3N,3,3,1821,House
599900, 114 S Cornerbrook Mnr NE Calgary AB T3N 1V3 ,T3N,3,3,1821,House
599900, 114 S Cornerbrook Mnr NE Calgary AB T3N 1V3 ,T3N,3,3,1821,House
599900, 114 S Cornerbrook Mnr NE Calgary AB T3N 1V3 ,T3N,3,3,1821,House
599900, 114 S Cornerbrook Mnr NE Calgary AB T3N 1V3 ,T3N,3,3,1821,House
599900, 114 S Cornerbrook Mnr NE Calgary AB T3N 1V3 ,T3N,3,3,1821,House
599900, 114 S Cornerbrook Mnr NE Calgary AB T3N 1V3 ,T3N,3,3,1821,House
599900, 114 S Cornerbrook Mnr NE Calgary AB T3N 1V3 ,T3N,3,3,1821,House
599900, 114 S Cornerbrook Mnr NE Calgary AB T3N 1V3 ,T3N,3,3,1821,House
599900, 114 S Cornerbrook Mnr NE Calgary AB T3N 1V3 ,T3N,3,3,1821,House
599900, 114 S Cornerbrook Mnr NE Calgary AB T3N 1V3 ,T3N,3,3,1821,House
599900, 114 S Cornerbrook Mnr NE Calgary AB T3N 1V3 ,T3N,3,3,1821,House
599900, 114 S Cornerbrook Mnr NE Calgary AB T3N 1V3 ,T3N,3,3,1821,House
599900, 114 S Cornerbrook Mnr NE Calgary AB T3N 1V3 ,T3N,3,3,1821,House
599900, 114 S Cornerbrook Mnr NE Calgary AB T3N 1V3 ,T3N,3,3,1821,House
599900, 114 S Cornerbrook Mnr NE Calgary AB T3N 1V3 ,T3N,3,3,1821,House
599900, 114 S Cornerbrook Mnr NE Calgary AB T3N 1V3 ,T3N,3,3,1821,House
599900, 114 S Cornerbrook Mnr NE Calgary AB T3N 1V3 ,T3N,3,3,1821,House
599900, 114 S Cornerbrook Mnr NE Calgary AB T3N 1V3 ,T3N,3,3,1821,House
599900, 114 S Cornerbrook Mnr NE Calgary AB T3N 1V3 ,T3N,3,3,1821,House
599900, 114 S Cornerbrook Mnr NE Calgary AB T3N 1V3 ,T3N,3,3,1821,House
599900, 114 S Cornerbrook Mnr NE Calgary AB T3N 1V3 ,T3N,3,3,1821,House
599900, 114 S Cornerbrook Mnr NE Calgary AB T3N 1V3 ,T3N,3,3,1821,House
599900, 114 S Cornerbrook Mnr NE Calgary AB T3N 1V3 ,T3N,3,3,1821,House
599900, 114 S Cornerbrook Mnr NE Calgary AB T3N 1V3 ,T3N,3,3,1821,House
599900, 114 S Cornerbrook Mnr NE Calgary AB T3N 1V3 ,T3N,3,3,1821,House
599900, 114 S Cornerbrook Mnr NE Calgary AB T3N 1V3 ,T3N,3,3,1821,House
599900, 114 S Cornerbrook Mnr NE Calgary AB T3N 1V3 ,T3N,3,3,1821,House
599900, 114 S Cornerbrook Mnr NE Calgary AB T3N 1V3 ,T3N,3,3,1821,House
599900, 114 S Cornerbrook Mnr NE Calgary AB T3N 1V3 ,T3N,3,3,1821,House
599900, 114 S Cornerbrook Mnr NE Calgary AB T3N 1V3 ,T3N,3,3,1821,House
599900, 114 S Cornerbrook Mnr NE Calgary AB T3N 1V3 ,T3N,3,3,1821,House
599900, 114 S Cornerbrook Mnr NE Calgary AB T3N 1V3 ,T3N,3,3,1821,House
599900, 114 S Cornerbrook Mnr NE Calgary AB T3N 1V3 ,T3N,3,3,1821,House
599900, 114 S Cornerbrook Mnr NE Calgary AB T3N 1V3 ,T3N,3,3,1821,House
599900, 114 S Cornerbrook Mnr NE Calgary AB T3N 1V3 ,T3N,3,3,1821,House
599900, 114 S Cornerbrook Mnr NE Calgary AB T3N 1V3 ,T3N,3,3,1821,House
599900, 114 S Cornerbrook Mnr NE Calgary AB T3N 1V3 ,T3N,3,3,1821,House
599900, 114 S Cornerbrook Mnr NE Calgary AB T3N 1V3 ,T3N,3,3,1821,House
599900, 114 S Cornerbrook Mnr NE Calgary AB T3N 1V3 ,T3N,3,3,1821,House
599900, 114 S Cornerbrook Mnr NE Calgary AB T3N 1V3 ,T3N,3,3,1821,House
599900, 114 S Cornerbrook Mnr NE Calgary AB T3N 1V3 ,T3N,3,3,1821,House
599900, 114 S Cornerbrook Mnr NE Calgary AB T3N 1V3 ,T3N,3,3,1821,House
599900, 114 S Cornerbrook Mnr NE Calgary AB T3N 1V3 ,T3N,3,3,1821,House
599900, 114 S Cornerbrook Mnr NE Calgary AB T3N 1V3 ,T3N,3,3,1821,House
599900, 114 S Cornerbrook Mnr NE Calgary AB T3N 1V3 ,T3N,3,3,1821,House
599900, 114 S Cornerbrook Mnr NE Calgary AB T3N 1V3 ,T3N,3,3,1821,House
599900, 114 S Cornerbrook Mnr NE Calgary AB T3N 1V3 ,T3N,3,3,1821,House
599900, 114 S Cornerbrook Mnr NE Calgary AB T3N 1V3 ,T3N,3,3,1821,House
599900, 114 S Cornerbrook Mnr NE Calgary AB T3N 1V3 ,T3N,3,3,1821,House
599900, 114 S Cornerbrook Mnr NE Calgary AB T3N 1V3 ,T3N,3,3,1821,House
599900, 114 S Cornerbrook Mnr NE Calgary AB T3N 1V3 ,T3N,3,3,1821,House
599900, 114 S Cornerbrook Mnr NE Calgary AB T3N 1V3 ,T3N,3,3,1821,House
599900, 114 S Cornerbrook Mnr NE Calgary AB T3N 1V3 ,T3N,3,3,1821,House
599900, 114 S Cornerbrook Mnr NE Calgary AB T3N 1V3 ,T3N,3,3,1821,House
599900, 114 S Cornerbrook Mnr NE Calgary AB T3N 1V3 ,T3N,3,3,1821,House
599900, 114 S Cornerbrook Mnr NE Calgary AB T3N 1V3 ,T3N,3,3,1821,House
599900, 114 S Cornerbrook Mnr NE Calgary AB T3N 1V3 ,T3N,3,3,1821,House
599900, 114 S Cornerbrook Mnr NE Calgary AB T3N 1V3 ,T3N,3,3,1821,House
599900, 114 S Cornerbrook Mnr NE Calgary AB T3N 1V3 ,T3N,3,3,1821,House
599900, 114 S Cornerbrook Mnr NE Calgary AB T3N 1V3 ,T3N,3,3,1821,House
599900, 114 S Cornerbrook Mnr NE Calgary AB T3N 1V3 ,T3N,3,3,1821,House
599900, 114 S Cornerbrook Mnr NE Calgary AB T3N 1V3 ,T3N,3,3,1821,House
599900, 114 S Cornerbrook Mnr NE Calgary AB T3N 1V3 ,T3N,3,3,1821,House
599900, 114 S Cornerbrook Mnr NE Calgary AB T3N 1V3 ,T3N,3,3,1821,House
599900, 114 S Cornerbrook Mnr NE Calgary AB T3N 1V3 ,T3N,3,3,1821,House
599900, 114 S Cornerbrook Mnr NE Calgary AB T3N 1V3 ,T3N,3,3,1821,House
599900, 114 S Cornerbrook Mnr NE Calgary AB T3N 1V3 ,T3N,3,3,1821,House
599900, 114 S Cornerbrook Mnr NE Calgary AB T3N 1V3 ,T3N,3,3,1821,House
599900, 114 S Cornerbrook Mnr NE Calgary AB T3N 1V3 ,T3N,3,3,1821,House
599900, 114 S Cornerbrook Mnr NE Calgary AB T3N 1V3 ,T3N,3,3,1821,House
599900, 114 S Cornerbrook Mnr NE Calgary AB T3N 1V3 ,T3N,3,3,1821,House
599900, 114 S Cornerbrook Mnr NE Calgary AB T3N 1V3 ,T3N,3,3,1821,House
599900, 114 S Cornerbrook Mnr NE Calgary AB T3N 1V3 ,T3N,3,3,1821,House
599900, 114 S Cornerbrook Mnr NE Calgary AB T3N 1V3 ,T3N,3,3,1821,House
599900, 114 S Cornerbrook Mnr NE Calgary AB T3N 1V3 ,T3N,3,3,1821,House
599900, 114 S Cornerbrook Mnr NE Calgary AB T3N 1V3 ,T3N,3,3,1821,House
599900, 114 S Cornerbrook Mnr NE Calgary AB T3N 1V3 ,T3N,3,3,1821,House
599900, 114 S Cornerbrook Mnr NE Calgary AB T3N 1V3 ,T3N,3,3,1821,House
599900, 114 S Cornerbrook Mnr NE Calgary AB T3N 1V3 ,T3N,3,3,1821,House
599900, 114 S Cornerbrook Mnr NE Calgary AB T3N 1V3 ,T3N,3,3,1821,House
599900, 114 S Cornerbrook Mnr NE Calgary AB T3N 1V3 ,T3N,3,3,1821,House
599900, 114 S Cornerbrook Mnr NE Calgary AB T3N 1V3 ,T3N,3,3,1821,House
599900, 114 S Cornerbrook Mnr NE Calgary AB T3N 1V3 ,T3N,3,3,1821,House
599900, 114 S Cornerbrook Mnr NE Calgary AB T3N 1V3 ,T3N,3,3,1821,House
599900, 114 S Cornerbrook Mnr NE Calgary AB T3N 1V3 ,T3N,3,3,1821,House
599900, 114 S Cornerbrook Mnr NE Calgary AB T3N 1V3 ,T3N,3,3,1821,House
599900, 114 S Cornerbrook Mnr NE Calgary AB T3N 1V3 ,T3N,3,3,1821,House
599900, 114 S Cornerbrook Mnr NE Calgary AB T3N 1V3 ,T3N,3,3,1821,House
599900, 114 S Cornerbrook Mnr NE Calgary AB T3N 1V3 ,T3N,3,3,1821,House
599900, 114 S Cornerbrook Mnr NE Calgary AB T3N 1V3 ,T3N,3,3,1821,House
599900, 114 S Cornerbrook Mnr NE Calgary AB T3N 1V3 ,T3N,3,3,1821,House
599900, 114 S Cornerbrook Mnr NE Calgary AB T3N 1V3 ,T3N,3,3,1821,House
599900, 114 S Cornerbrook Mnr NE Calgary AB T3N 1V3 ,T3N,3,3,1821,House
599900, 114 S Cornerbrook Mnr NE Calgary AB T3N 1V3 ,T3N,3,3,1821,House
599900, 114 S Cornerbrook Mnr NE Calgary AB T3N 1V3 ,T3N,3,3,1821,House
599900, 114 S Cornerbrook Mnr NE Calgary AB T3N 1V3 ,T3N,3,3,1821,House
599900, 114 S Cornerbrook Mnr NE Calgary AB T3N 1V3 ,T3N,3,3,1821,House
599900, 114 S Cornerbrook Mnr NE Calgary AB T3N 1V3 ,T3N,3,3,1821,House
599900, 114 S Cornerbrook Mnr NE Calgary AB T3N 1V3 ,T3N,3,3,1821,House
599900, 114 S Cornerbrook Mnr NE Calgary AB T3N 1V3 ,T3N,3,3,1821,House
599900, 114 S Cornerbrook Mnr NE Calgary AB T3N 1V3 ,T3N,3,3,1821,House
599900, 114 S Cornerbrook Mnr NE Calgary AB T3N 1V3 ,T3N,3,3,1821,House
599900, 114 S Cornerbrook Mnr NE Calgary AB T3N 1V3 ,T3N,3,3,1821,House
599900, 114 S Cornerbrook Mnr NE Calgary AB T3N 1V3 ,T3N,3,3,1821,House
599900, 114 S Cornerbrook Mnr NE Calgary AB T3N 1V3 ,T3N,3,3,1821,House
599900, 114 S Cornerbrook Mnr NE Calgary AB T3N 1V3 ,T3N,3,3,1821,House
599900, 114 S Cornerbrook Mnr NE Calgary AB T3N 1V3 ,T3N,3,3,1821,House
599900, 114 S Cornerbrook Mnr NE Calgary AB T3N 1V3 ,T3N,3,3,1821,House
599900, 114 S Cornerbrook Mnr NE Calgary AB T3N 1V3 ,T3N,3,3,1821,House
599900, 114 S Cornerbrook Mnr NE Calgary AB T3N 1V3 ,T3N,3,3,1821,House
599900, 114 S Cornerbrook Mnr NE Calgary AB T3N 1V3 ,T3N,3,3,1821,House
599900, 114 S Cornerbrook Mnr NE Calgary AB T3N 1V3 ,T3N,3,3,1821,House
599900, 114 S Cornerbrook Mnr NE Calgary AB T3N 1V3 ,T3N,3,3,1821,House
599900, 114 S Cornerbrook Mnr NE Calgary AB T3N 1V3 ,T3N,3,3,1821,House
599900, 114 S Cornerbrook Mnr NE Calgary AB T3N 1V3 ,T3N,3,3,1821,House
599900, 114 S Cornerbrook Mnr NE Calgary AB T3N 1V3 ,T3N,3,3,1821,House
599900, 114 S Cornerbrook Mnr NE Calgary AB T3N 1V3 ,T3N,3,3,1821,House
599900, 114 S Cornerbrook Mnr NE Calgary AB T3N 1V3 ,T3N,3,3,1821,House
599000, 76 E Sunmeadows Cres SE Calgary AB T2X 3H3 ,T2X,4,4,1836,House
599000, 76 E Sunmeadows Cres SE Calgary AB T2X 3H3 ,T2X,4,4,1836,House
599000, 693 Panorama Hills Dr NW Calgary AB T3K 4V4 ,T3K,3,4,1917,House
599000, 69 Citadel Cir NE Calgary AB T3G 4C1 ,T3G,5,3,1845,House
599000, 76 E Sunmeadows Cres SE Calgary AB T2X 3H3 ,T2X,4,4,1836,House
599000, 76 E Sunmeadows Cres SE Calgary AB T2X 3H3 ,T2X,4,4,1836,House
599000, 76 E Sunmeadows Cres SE Calgary AB T2X 3H3 ,T2X,4,4,1836,House
599000, 76 E Sunmeadows Cres SE Calgary AB T2X 3H3 ,T2X,4,4,1836,House
599000, 76 E Sunmeadows Cres SE Calgary AB T2X 3H3 ,T2X,4,4,1836,House
599000, 76 E Sunmeadows Cres SE Calgary AB T2X 3H3 ,T2X,4,4,1836,House
599000, 76 E Sunmeadows Cres SE Calgary AB T2X 3H3 ,T2X,4,4,1836,House
599000, 76 E Sunmeadows Cres SE Calgary AB T2X 3H3 ,T2X,4,4,1836,House
599000, 76 E Sunmeadows Cres SE Calgary AB T2X 3H3 ,T2X,4,4,1836,House
599000, 76 E Sunmeadows Cres SE Calgary AB T2X 3H3 ,T2X,4,4,1836,House
599000, 76 E Sunmeadows Cres SE Calgary AB T2X 3H3 ,T2X,4,4,1836,House
599000, 76 E Sunmeadows Cres SE Calgary AB T2X 3H3 ,T2X,4,4,1836,House
599000, 76 E Sunmeadows Cres SE Calgary AB T2X 3H3 ,T2X,4,4,1836,House
599000, 76 E Sunmeadows Cres SE Calgary AB T2X 3H3 ,T2X,4,4,1836,House
599000, 76 E Sunmeadows Cres SE Calgary AB T2X 3H3 ,T2X,4,4,1836,House
599000, 76 E Sunmeadows Cres SE Calgary AB T2X 3H3 ,T2X,4,4,1836,House
599000, 76 E Sunmeadows Cres SE Calgary AB T2X 3H3 ,T2X,4,4,1836,House
599000, 76 E Sunmeadows Cres SE Calgary AB T2X 3H3 ,T2X,4,4,1836,House
599000, 76 E Sunmeadows Cres SE Calgary AB T2X 3H3 ,T2X,4,4,1836,House
599000, 76 E Sunmeadows Cres SE Calgary AB T2X 3H3 ,T2X,4,4,1836,House
599000, 76 E Sunmeadows Cres SE Calgary AB T2X 3H3 ,T2X,4,4,1836,House
599000, 76 E Sunmeadows Cres SE Calgary AB T2X 3H3 ,T2X,4,4,1836,House
599000, 76 E Sunmeadows Cres SE Calgary AB T2X 3H3 ,T2X,4,4,1836,House
599000, 76 E Sunmeadows Cres SE Calgary AB T2X 3H3 ,T2X,4,4,1836,House
599000, 76 E Sunmeadows Cres SE Calgary AB T2X 3H3 ,T2X,4,4,1836,House
599000, 76 E Sunmeadows Cres SE Calgary AB T2X 3H3 ,T2X,4,4,1836,House
599000, 76 E Sunmeadows Cres SE Calgary AB T2X 3H3 ,T2X,4,4,1836,House
599000, 76 E Sunmeadows Cres SE Calgary AB T2X 3H3 ,T2X,4,4,1836,House
599000, 76 E Sunmeadows Cres SE Calgary AB T2X 3H3 ,T2X,4,4,1836,House
599000, 76 E Sunmeadows Cres SE Calgary AB T2X 3H3 ,T2X,4,4,1836,House
599000, 76 E Sunmeadows Cres SE Calgary AB T2X 3H3 ,T2X,4,4,1836,House
599000, 76 E Sunmeadows Cres SE Calgary AB T2X 3H3 ,T2X,4,4,1836,House
599000, 76 E Sunmeadows Cres SE Calgary AB T2X 3H3 ,T2X,4,4,1836,House
599000, 76 E Sunmeadows Cres SE Calgary AB T2X 3H3 ,T2X,4,4,1836,House
599000, 76 E Sunmeadows Cres SE Calgary AB T2X 3H3 ,T2X,4,4,1836,House
599000, 76 E Sunmeadows Cres SE Calgary AB T2X 3H3 ,T2X,4,4,1836,House
599000, 76 E Sunmeadows Cres SE Calgary AB T2X 3H3 ,T2X,4,4,1836,House
599000, 76 E Sunmeadows Cres SE Calgary AB T2X 3H3 ,T2X,4,4,1836,House
599000, 76 E Sunmeadows Cres SE Calgary AB T2X 3H3 ,T2X,4,4,1836,House
599000, 76 E Sunmeadows Cres SE Calgary AB T2X 3H3 ,T2X,4,4,1836,House
599000, 76 E Sunmeadows Cres SE Calgary AB T2X 3H3 ,T2X,4,4,1836,House
599000, 76 E Sunmeadows Cres SE Calgary AB T2X 3H3 ,T2X,4,4,1836,House
599000, 76 E Sunmeadows Cres SE Calgary AB T2X 3H3 ,T2X,4,4,1836,House
599000, 76 E Sunmeadows Cres SE Calgary AB T2X 3H3 ,T2X,4,4,1836,House
599000, 76 E Sunmeadows Cres SE Calgary AB T2X 3H3 ,T2X,4,4,1836,House
599000, 76 E Sunmeadows Cres SE Calgary AB T2X 3H3 ,T2X,4,4,1836,House
599000, 76 E Sunmeadows Cres SE Calgary AB T2X 3H3 ,T2X,4,4,1836,House
599000, 76 E Sunmeadows Cres SE Calgary AB T2X 3H3 ,T2X,4,4,1836,House
599000, 76 E Sunmeadows Cres SE Calgary AB T2X 3H3 ,T2X,4,4,1836,House
599000, 76 E Sunmeadows Cres SE Calgary AB T2X 3H3 ,T2X,4,4,1836,House
599000, 76 E Sunmeadows Cres SE Calgary AB T2X 3H3 ,T2X,4,4,1836,House
599000, 76 E Sunmeadows Cres SE Calgary AB T2X 3H3 ,T2X,4,4,1836,House
599000, 76 E Sunmeadows Cres SE Calgary AB T2X 3H3 ,T2X,4,4,1836,House
599000, 76 E Sunmeadows Cres SE Calgary AB T2X 3H3 ,T2X,4,4,1836,House
599000, 76 E Sunmeadows Cres SE Calgary AB T2X 3H3 ,T2X,4,4,1836,House
599000, 76 E Sunmeadows Cres SE Calgary AB T2X 3H3 ,T2X,4,4,1836,House
599000, 76 E Sunmeadows Cres SE Calgary AB T2X 3H3 ,T2X,4,4,1836,House
599000, 76 E Sunmeadows Cres SE Calgary AB T2X 3H3 ,T2X,4,4,1836,House
599000, 76 E Sunmeadows Cres SE Calgary AB T2X 3H3 ,T2X,4,4,1836,House
599000, 76 E Sunmeadows Cres SE Calgary AB T2X 3H3 ,T2X,4,4,1836,House
599000, 76 E Sunmeadows Cres SE Calgary AB T2X 3H3 ,T2X,4,4,1836,House
599000, 76 E Sunmeadows Cres SE Calgary AB T2X 3H3 ,T2X,4,4,1836,House
599000, 76 E Sunmeadows Cres SE Calgary AB T2X 3H3 ,T2X,4,4,1836,House
599000, 76 E Sunmeadows Cres SE Calgary AB T2X 3H3 ,T2X,4,4,1836,House
599000, 76 E Sunmeadows Cres SE Calgary AB T2X 3H3 ,T2X,4,4,1836,House
599000, 76 E Sunmeadows Cres SE Calgary AB T2X 3H3 ,T2X,4,4,1836,House
599000, 76 E Sunmeadows Cres SE Calgary AB T2X 3H3 ,T2X,4,4,1836,House
599000, 76 E Sunmeadows Cres SE Calgary AB T2X 3H3 ,T2X,4,4,1836,House
599000, 76 E Sunmeadows Cres SE Calgary AB T2X 3H3 ,T2X,4,4,1836,House
599000, 76 E Sunmeadows Cres SE Calgary AB T2X 3H3 ,T2X,4,4,1836,House
599000, 76 E Sunmeadows Cres SE Calgary AB T2X 3H3 ,T2X,4,4,1836,House
599000, 76 E Sunmeadows Cres SE Calgary AB T2X 3H3 ,T2X,4,4,1836,House
599000, 76 E Sunmeadows Cres SE Calgary AB T2X 3H3 ,T2X,4,4,1836,House
599000, 76 E Sunmeadows Cres SE Calgary AB T2X 3H3 ,T2X,4,4,1836,House
599000, 76 E Sunmeadows Cres SE Calgary AB T2X 3H3 ,T2X,4,4,1836,House
599000, 76 E Sunmeadows Cres SE Calgary AB T2X 3H3 ,T2X,4,4,1836,House
599000, 76 E Sunmeadows Cres SE Calgary AB T2X 3H3 ,T2X,4,4,1836,House
599000, 76 E Sunmeadows Cres SE Calgary AB T2X 3H3 ,T2X,4,4,1836,House
599000, 76 E Sunmeadows Cres SE Calgary AB T2X 3H3 ,T2X,4,4,1836,House
599000, 76 E Sunmeadows Cres SE Calgary AB T2X 3H3 ,T2X,4,4,1836,House
599000, 76 E Sunmeadows Cres SE Calgary AB T2X 3H3 ,T2X,4,4,1836,House
599000, 76 E Sunmeadows Cres SE Calgary AB T2X 3H3 ,T2X,4,4,1836,House
599000, 76 E Sunmeadows Cres SE Calgary AB T2X 3H3 ,T2X,4,4,1836,House
599000, 76 E Sunmeadows Cres SE Calgary AB T2X 3H3 ,T2X,4,4,1836,House
599000, 76 E Sunmeadows Cres SE Calgary AB T2X 3H3 ,T2X,4,4,1836,House
599000, 76 E Sunmeadows Cres SE Calgary AB T2X 3H3 ,T2X,4,4,1836,House
599000, 76 E Sunmeadows Cres SE Calgary AB T2X 3H3 ,T2X,4,4,1836,House
599000, 76 E Sunmeadows Cres SE Calgary AB T2X 3H3 ,T2X,4,4,1836,House
599000, 76 E Sunmeadows Cres SE Calgary AB T2X 3H3 ,T2X,4,4,1836,House
599000, 76 E Sunmeadows Cres SE Calgary AB T2X 3H3 ,T2X,4,4,1836,House
599000, 76 E Sunmeadows Cres SE Calgary AB T2X 3H3 ,T2X,4,4,1836,House
599000, 76 E Sunmeadows Cres SE Calgary AB T2X 3H3 ,T2X,4,4,1836,House
599000, 76 E Sunmeadows Cres SE Calgary AB T2X 3H3 ,T2X,4,4,1836,House
599000, 76 E Sunmeadows Cres SE Calgary AB T2X 3H3 ,T2X,4,4,1836,House
599000, 76 E Sunmeadows Cres SE Calgary AB T2X 3H3 ,T2X,4,4,1836,House
599000, 76 E Sunmeadows Cres SE Calgary AB T2X 3H3 ,T2X,4,4,1836,House
599000, 76 E Sunmeadows Cres SE Calgary AB T2X 3H3 ,T2X,4,4,1836,House
599000, 76 E Sunmeadows Cres SE Calgary AB T2X 3H3 ,T2X,4,4,1836,House
599000, 76 E Sunmeadows Cres SE Calgary AB T2X 3H3 ,T2X,4,4,1836,House
599000, 76 E Sunmeadows Cres SE Calgary AB T2X 3H3 ,T2X,4,4,1836,House
599000, 76 E Sunmeadows Cres SE Calgary AB T2X 3H3 ,T2X,4,4,1836,House
599000, 76 E Sunmeadows Cres SE Calgary AB T2X 3H3 ,T2X,4,4,1836,House
599000, 76 E Sunmeadows Cres SE Calgary AB T2X 3H3 ,T2X,4,4,1836,House
599000, 76 E Sunmeadows Cres SE Calgary AB T2X 3H3 ,T2X,4,4,1836,House
599000, 76 E Sunmeadows Cres SE Calgary AB T2X 3H3 ,T2X,4,4,1836,House
599000, 76 E Sunmeadows Cres SE Calgary AB T2X 3H3 ,T2X,4,4,1836,House
599000, 76 E Sunmeadows Cres SE Calgary AB T2X 3H3 ,T2X,4,4,1836,House
599000, 76 E Sunmeadows Cres SE Calgary AB T2X 3H3 ,T2X,4,4,1836,House
599000, 76 E Sunmeadows Cres SE Calgary AB T2X 3H3 ,T2X,4,4,1836,House
599000, 76 E Sunmeadows Cres SE Calgary AB T2X 3H3 ,T2X,4,4,1836,House
599000, 76 E Sunmeadows Cres SE Calgary AB T2X 3H3 ,T2X,4,4,1836,House
599000, 76 E Sunmeadows Cres SE Calgary AB T2X 3H3 ,T2X,4,4,1836,House
599000, 76 E Sunmeadows Cres SE Calgary AB T2X 3H3 ,T2X,4,4,1836,House
599000, 76 E Sunmeadows Cres SE Calgary AB T2X 3H3 ,T2X,4,4,1836,House
599000, 76 E Sunmeadows Cres SE Calgary AB T2X 3H3 ,T2X,4,4,1836,House
599000, 76 E Sunmeadows Cres SE Calgary AB T2X 3H3 ,T2X,4,4,1836,House
599000, 76 E Sunmeadows Cres SE Calgary AB T2X 3H3 ,T2X,4,4,1836,House
599000, 76 E Sunmeadows Cres SE Calgary AB T2X 3H3 ,T2X,4,4,1836,House
599000, 76 E Sunmeadows Cres SE Calgary AB T2X 3H3 ,T2X,4,4,1836,House
599000, 76 E Sunmeadows Cres SE Calgary AB T2X 3H3 ,T2X,4,4,1836,House
599000, 76 E Sunmeadows Cres SE Calgary AB T2X 3H3 ,T2X,4,4,1836,House
599000, 76 E Sunmeadows Cres SE Calgary AB T2X 3H3 ,T2X,4,4,1836,House
599000, 76 E Sunmeadows Cres SE Calgary AB T2X 3H3 ,T2X,4,4,1836,House
599000, 76 E Sunmeadows Cres SE Calgary AB T2X 3H3 ,T2X,4,4,1836,House
599000, 76 E Sunmeadows Cres SE Calgary AB T2X 3H3 ,T2X,4,4,1836,House
599000, 76 E Sunmeadows Cres SE Calgary AB T2X 3H3 ,T2X,4,4,1836,House
599000, 76 E Sunmeadows Cres SE Calgary AB T2X 3H3 ,T2X,4,4,1836,House
599000, 76 E Sunmeadows Cres SE Calgary AB T2X 3H3 ,T2X,4,4,1836,House
599000, 76 E Sunmeadows Cres SE Calgary AB T2X 3H3 ,T2X,4,4,1836,House
595000, 218 S Taradale Dr NE Calgary AB T3J 5G6 ,T3J,4,4,1501,House
588000, 35 E Huntmeadow Rd NE Calgary AB T2K 5H2 ,T2K,5,3,1093,House
579900, 8034 Cougar Ridge Ave SW Calgary AB T3H 5S5 ,T3H,3,3,1379,House
579000, 3309 E 33rd St SW Calgary AB T3E 2S5 ,T3E,3,4,1215,Townhouse
569900, 16 W Maryvale Cres NE Calgary AB T2A 3Z6 ,T2A,5,3,1130,House
558000, 210 S 27th Ave NW Calgary AB T2M 2H4 ,T2M,2,2,914,House
550000, 139 SE Sandarac Pl NW Calgary AB T3K 2Y6 ,T3K,4,4,1706,House
550000, 139 SE Sandarac Pl NW Calgary AB T3K 2Y6 ,T3K,4,4,1706,House
550000, 906 W 17th St NW Calgary AB T2N 2E4 ,T2N,3,3,1454,Townhouse
550000, 458 W Astoria Cres SE Calgary AB T2J 0Y7 ,T2J,3,2,1048,House
550000, 139 SE Sandarac Pl NW Calgary AB T3K 2Y6 ,T3K,4,4,1706,House
550000, 139 SE Sandarac Pl NW Calgary AB T3K 2Y6 ,T3K,4,4,1706,House
550000, 139 SE Sandarac Pl NW Calgary AB T3K 2Y6 ,T3K,4,4,1706,House
550000, 139 SE Sandarac Pl NW Calgary AB T3K 2Y6 ,T3K,4,4,1706,House
550000, 139 SE Sandarac Pl NW Calgary AB T3K 2Y6 ,T3K,4,4,1706,House
550000, 139 SE Sandarac Pl NW Calgary AB T3K 2Y6 ,T3K,4,4,1706,House
550000, 139 SE Sandarac Pl NW Calgary AB T3K 2Y6 ,T3K,4,4,1706,House
550000, 139 SE Sandarac Pl NW Calgary AB T3K 2Y6 ,T3K,4,4,1706,House
550000, 139 SE Sandarac Pl NW Calgary AB T3K 2Y6 ,T3K,4,4,1706,House
550000, 139 SE Sandarac Pl NW Calgary AB T3K 2Y6 ,T3K,4,4,1706,House
550000, 139 SE Sandarac Pl NW Calgary AB T3K 2Y6 ,T3K,4,4,1706,House
550000, 139 SE Sandarac Pl NW Calgary AB T3K 2Y6 ,T3K,4,4,1706,House
550000, 139 SE Sandarac Pl NW Calgary AB T3K 2Y6 ,T3K,4,4,1706,House
550000, 139 SE Sandarac Pl NW Calgary AB T3K 2Y6 ,T3K,4,4,1706,House
550000, 139 SE Sandarac Pl NW Calgary AB T3K 2Y6 ,T3K,4,4,1706,House
550000, 139 SE Sandarac Pl NW Calgary AB T3K 2Y6 ,T3K,4,4,1706,House
550000, 139 SE Sandarac Pl NW Calgary AB T3K 2Y6 ,T3K,4,4,1706,House
550000, 139 SE Sandarac Pl NW Calgary AB T3K 2Y6 ,T3K,4,4,1706,House
550000, 139 SE Sandarac Pl NW Calgary AB T3K 2Y6 ,T3K,4,4,1706,House
550000, 139 SE Sandarac Pl NW Calgary AB T3K 2Y6 ,T3K,4,4,1706,House
550000, 139 SE Sandarac Pl NW Calgary AB T3K 2Y6 ,T3K,4,4,1706,House
550000, 139 SE Sandarac Pl NW Calgary AB T3K 2Y6 ,T3K,4,4,1706,House
550000, 139 SE Sandarac Pl NW Calgary AB T3K 2Y6 ,T3K,4,4,1706,House
550000, 139 SE Sandarac Pl NW Calgary AB T3K 2Y6 ,T3K,4,4,1706,House
550000, 139 SE Sandarac Pl NW Calgary AB T3K 2Y6 ,T3K,4,4,1706,House
550000, 139 SE Sandarac Pl NW Calgary AB T3K 2Y6 ,T3K,4,4,1706,House
550000, 139 SE Sandarac Pl NW Calgary AB T3K 2Y6 ,T3K,4,4,1706,House
550000, 139 SE Sandarac Pl NW Calgary AB T3K 2Y6 ,T3K,4,4,1706,House
550000, 139 SE Sandarac Pl NW Calgary AB T3K 2Y6 ,T3K,4,4,1706,House
550000, 139 SE Sandarac Pl NW Calgary AB T3K 2Y6 ,T3K,4,4,1706,House
550000, 139 SE Sandarac Pl NW Calgary AB T3K 2Y6 ,T3K,4,4,1706,House
550000, 139 SE Sandarac Pl NW Calgary AB T3K 2Y6 ,T3K,4,4,1706,House
550000, 139 SE Sandarac Pl NW Calgary AB T3K 2Y6 ,T3K,4,4,1706,House
550000, 139 SE Sandarac Pl NW Calgary AB T3K 2Y6 ,T3K,4,4,1706,House
550000, 139 SE Sandarac Pl NW Calgary AB T3K 2Y6 ,T3K,4,4,1706,House
550000, 139 SE Sandarac Pl NW Calgary AB T3K 2Y6 ,T3K,4,4,1706,House
550000, 139 SE Sandarac Pl NW Calgary AB T3K 2Y6 ,T3K,4,4,1706,House
550000, 139 SE Sandarac Pl NW Calgary AB T3K 2Y6 ,T3K,4,4,1706,House
550000, 139 SE Sandarac Pl NW Calgary AB T3K 2Y6 ,T3K,4,4,1706,House
550000, 139 SE Sandarac Pl NW Calgary AB T3K 2Y6 ,T3K,4,4,1706,House
550000, 139 SE Sandarac Pl NW Calgary AB T3K 2Y6 ,T3K,4,4,1706,House
550000, 139 SE Sandarac Pl NW Calgary AB T3K 2Y6 ,T3K,4,4,1706,House
550000, 139 SE Sandarac Pl NW Calgary AB T3K 2Y6 ,T3K,4,4,1706,House
550000, 139 SE Sandarac Pl NW Calgary AB T3K 2Y6 ,T3K,4,4,1706,House
550000, 139 SE Sandarac Pl NW Calgary AB T3K 2Y6 ,T3K,4,4,1706,House
550000, 139 SE Sandarac Pl NW Calgary AB T3K 2Y6 ,T3K,4,4,1706,House
550000, 139 SE Sandarac Pl NW Calgary AB T3K 2Y6 ,T3K,4,4,1706,House
550000, 139 SE Sandarac Pl NW Calgary AB T3K 2Y6 ,T3K,4,4,1706,House
550000, 139 SE Sandarac Pl NW Calgary AB T3K 2Y6 ,T3K,4,4,1706,House
550000, 139 SE Sandarac Pl NW Calgary AB T3K 2Y6 ,T3K,4,4,1706,House
550000, 139 SE Sandarac Pl NW Calgary AB T3K 2Y6 ,T3K,4,4,1706,House
550000, 139 SE Sandarac Pl NW Calgary AB T3K 2Y6 ,T3K,4,4,1706,House
550000, 139 SE Sandarac Pl NW Calgary AB T3K 2Y6 ,T3K,4,4,1706,House
550000, 139 SE Sandarac Pl NW Calgary AB T3K 2Y6 ,T3K,4,4,1706,House
550000, 139 SE Sandarac Pl NW Calgary AB T3K 2Y6 ,T3K,4,4,1706,House
550000, 139 SE Sandarac Pl NW Calgary AB T3K 2Y6 ,T3K,4,4,1706,House
550000, 139 SE Sandarac Pl NW Calgary AB T3K 2Y6 ,T3K,4,4,1706,House
550000, 139 SE Sandarac Pl NW Calgary AB T3K 2Y6 ,T3K,4,4,1706,House
550000, 139 SE Sandarac Pl NW Calgary AB T3K 2Y6 ,T3K,4,4,1706,House
550000, 139 SE Sandarac Pl NW Calgary AB T3K 2Y6 ,T3K,4,4,1706,House
550000, 139 SE Sandarac Pl NW Calgary AB T3K 2Y6 ,T3K,4,4,1706,House
550000, 139 SE Sandarac Pl NW Calgary AB T3K 2Y6 ,T3K,4,4,1706,House
550000, 139 SE Sandarac Pl NW Calgary AB T3K 2Y6 ,T3K,4,4,1706,House
550000, 139 SE Sandarac Pl NW Calgary AB T3K 2Y6 ,T3K,4,4,1706,House
550000, 139 SE Sandarac Pl NW Calgary AB T3K 2Y6 ,T3K,4,4,1706,House
550000, 139 SE Sandarac Pl NW Calgary AB T3K 2Y6 ,T3K,4,4,1706,House
550000, 139 SE Sandarac Pl NW Calgary AB T3K 2Y6 ,T3K,4,4,1706,House
550000, 139 SE Sandarac Pl NW Calgary AB T3K 2Y6 ,T3K,4,4,1706,House
550000, 139 SE Sandarac Pl NW Calgary AB T3K 2Y6 ,T3K,4,4,1706,House
550000, 139 SE Sandarac Pl NW Calgary AB T3K 2Y6 ,T3K,4,4,1706,House
550000, 139 SE Sandarac Pl NW Calgary AB T3K 2Y6 ,T3K,4,4,1706,House
550000, 139 SE Sandarac Pl NW Calgary AB T3K 2Y6 ,T3K,4,4,1706,House
550000, 139 SE Sandarac Pl NW Calgary AB T3K 2Y6 ,T3K,4,4,1706,House
550000, 139 SE Sandarac Pl NW Calgary AB T3K 2Y6 ,T3K,4,4,1706,House
550000, 139 SE Sandarac Pl NW Calgary AB T3K 2Y6 ,T3K,4,4,1706,House
550000, 139 SE Sandarac Pl NW Calgary AB T3K 2Y6 ,T3K,4,4,1706,House
550000, 139 SE Sandarac Pl NW Calgary AB T3K 2Y6 ,T3K,4,4,1706,House
550000, 139 SE Sandarac Pl NW Calgary AB T3K 2Y6 ,T3K,4,4,1706,House
550000, 139 SE Sandarac Pl NW Calgary AB T3K 2Y6 ,T3K,4,4,1706,House
550000, 139 SE Sandarac Pl NW Calgary AB T3K 2Y6 ,T3K,4,4,1706,House
550000, 139 SE Sandarac Pl NW Calgary AB T3K 2Y6 ,T3K,4,4,1706,House
550000, 139 SE Sandarac Pl NW Calgary AB T3K 2Y6 ,T3K,4,4,1706,House
550000, 139 SE Sandarac Pl NW Calgary AB T3K 2Y6 ,T3K,4,4,1706,House
550000, 139 SE Sandarac Pl NW Calgary AB T3K 2Y6 ,T3K,4,4,1706,House
550000, 139 SE Sandarac Pl NW Calgary AB T3K 2Y6 ,T3K,4,4,1706,House
550000, 139 SE Sandarac Pl NW Calgary AB T3K 2Y6 ,T3K,4,4,1706,House
550000, 139 SE Sandarac Pl NW Calgary AB T3K 2Y6 ,T3K,4,4,1706,House
550000, 139 SE Sandarac Pl NW Calgary AB T3K 2Y6 ,T3K,4,4,1706,House
550000, 139 SE Sandarac Pl NW Calgary AB T3K 2Y6 ,T3K,4,4,1706,House
550000, 139 SE Sandarac Pl NW Calgary AB T3K 2Y6 ,T3K,4,4,1706,House
550000, 139 SE Sandarac Pl NW Calgary AB T3K 2Y6 ,T3K,4,4,1706,House
550000, 139 SE Sandarac Pl NW Calgary AB T3K 2Y6 ,T3K,4,4,1706,House
550000, 139 SE Sandarac Pl NW Calgary AB T3K 2Y6 ,T3K,4,4,1706,House
550000, 139 SE Sandarac Pl NW Calgary AB T3K 2Y6 ,T3K,4,4,1706,House
550000, 139 SE Sandarac Pl NW Calgary AB T3K 2Y6 ,T3K,4,4,1706,House
550000, 139 SE Sandarac Pl NW Calgary AB T3K 2Y6 ,T3K,4,4,1706,House
550000, 139 SE Sandarac Pl NW Calgary AB T3K 2Y6 ,T3K,4,4,1706,House
550000, 139 SE Sandarac Pl NW Calgary AB T3K 2Y6 ,T3K,4,4,1706,House
550000, 139 SE Sandarac Pl NW Calgary AB T3K 2Y6 ,T3K,4,4,1706,House
550000, 139 SE Sandarac Pl NW Calgary AB T3K 2Y6 ,T3K,4,4,1706,House
550000, 139 SE Sandarac Pl NW Calgary AB T3K 2Y6 ,T3K,4,4,1706,House
550000, 139 SE Sandarac Pl NW Calgary AB T3K 2Y6 ,T3K,4,4,1706,House
550000, 139 SE Sandarac Pl NW Calgary AB T3K 2Y6 ,T3K,4,4,1706,House
550000, 139 SE Sandarac Pl NW Calgary AB T3K 2Y6 ,T3K,4,4,1706,House
550000, 139 SE Sandarac Pl NW Calgary AB T3K 2Y6 ,T3K,4,4,1706,House
550000, 139 SE Sandarac Pl NW Calgary AB T3K 2Y6 ,T3K,4,4,1706,House
550000, 139 SE Sandarac Pl NW Calgary AB T3K 2Y6 ,T3K,4,4,1706,House
550000, 139 SE Sandarac Pl NW Calgary AB T3K 2Y6 ,T3K,4,4,1706,House
550000, 139 SE Sandarac Pl NW Calgary AB T3K 2Y6 ,T3K,4,4,1706,House
550000, 139 SE Sandarac Pl NW Calgary AB T3K 2Y6 ,T3K,4,4,1706,House
550000, 139 SE Sandarac Pl NW Calgary AB T3K 2Y6 ,T3K,4,4,1706,House
550000, 139 SE Sandarac Pl NW Calgary AB T3K 2Y6 ,T3K,4,4,1706,House
550000, 139 SE Sandarac Pl NW Calgary AB T3K 2Y6 ,T3K,4,4,1706,House
550000, 139 SE Sandarac Pl NW Calgary AB T3K 2Y6 ,T3K,4,4,1706,House
550000, 139 SE Sandarac Pl NW Calgary AB T3K 2Y6 ,T3K,4,4,1706,House
550000, 139 SE Sandarac Pl NW Calgary AB T3K 2Y6 ,T3K,4,4,1706,House
550000, 139 SE Sandarac Pl NW Calgary AB T3K 2Y6 ,T3K,4,4,1706,House
550000, 139 SE Sandarac Pl NW Calgary AB T3K 2Y6 ,T3K,4,4,1706,House
550000, 139 SE Sandarac Pl NW Calgary AB T3K 2Y6 ,T3K,4,4,1706,House
550000, 139 SE Sandarac Pl NW Calgary AB T3K 2Y6 ,T3K,4,4,1706,House
550000, 139 SE Sandarac Pl NW Calgary AB T3K 2Y6 ,T3K,4,4,1706,House
550000, 139 SE Sandarac Pl NW Calgary AB T3K 2Y6 ,T3K,4,4,1706,House
550000, 139 SE Sandarac Pl NW Calgary AB T3K 2Y6 ,T3K,4,4,1706,House
550000, 139 SE Sandarac Pl NW Calgary AB T3K 2Y6 ,T3K,4,4,1706,House
550000, 139 SE Sandarac Pl NW Calgary AB T3K 2Y6 ,T3K,4,4,1706,House
550000, 139 SE Sandarac Pl NW Calgary AB T3K 2Y6 ,T3K,4,4,1706,House
550000, 139 SE Sandarac Pl NW Calgary AB T3K 2Y6 ,T3K,4,4,1706,House
550000, 139 SE Sandarac Pl NW Calgary AB T3K 2Y6 ,T3K,4,4,1706,House
550000, 139 SE Sandarac Pl NW Calgary AB T3K 2Y6 ,T3K,4,4,1706,House
549900, 529 SW Schubert Pl NW Calgary AB T3L 1X3 ,T3L,5,4,2117,House
549900, 529 SW Schubert Pl NW Calgary AB T3L 1X3 ,T3L,5,4,2117,House
549900, 421 N 11th Ave NE Calgary AB T2E 0Z4 ,T2E,2,1,1011,House
549900, 127 Cedargrove Ct SW Calgary AB T2W 4T6 ,T2W,4,4,1640,House
549900, 529 SW Schubert Pl NW Calgary AB T3L 1X3 ,T3L,5,4,2117,House
549900, 529 SW Schubert Pl NW Calgary AB T3L 1X3 ,T3L,5,4,2117,House
549900, 529 SW Schubert Pl NW Calgary AB T3L 1X3 ,T3L,5,4,2117,House
549900, 529 SW Schubert Pl NW Calgary AB T3L 1X3 ,T3L,5,4,2117,House
549900, 529 SW Schubert Pl NW Calgary AB T3L 1X3 ,T3L,5,4,2117,House
549900, 529 SW Schubert Pl NW Calgary AB T3L 1X3 ,T3L,5,4,2117,House
549900, 529 SW Schubert Pl NW Calgary AB T3L 1X3 ,T3L,5,4,2117,House
549900, 529 SW Schubert Pl NW Calgary AB T3L 1X3 ,T3L,5,4,2117,House
549900, 529 SW Schubert Pl NW Calgary AB T3L 1X3 ,T3L,5,4,2117,House
549900, 529 SW Schubert Pl NW Calgary AB T3L 1X3 ,T3L,5,4,2117,House
549900, 529 SW Schubert Pl NW Calgary AB T3L 1X3 ,T3L,5,4,2117,House
549900, 529 SW Schubert Pl NW Calgary AB T3L 1X3 ,T3L,5,4,2117,House
549900, 529 SW Schubert Pl NW Calgary AB T3L 1X3 ,T3L,5,4,2117,House
549900, 529 SW Schubert Pl NW Calgary AB T3L 1X3 ,T3L,5,4,2117,House
549900, 529 SW Schubert Pl NW Calgary AB T3L 1X3 ,T3L,5,4,2117,House
549900, 529 SW Schubert Pl NW Calgary AB T3L 1X3 ,T3L,5,4,2117,House
549900, 529 SW Schubert Pl NW Calgary AB T3L 1X3 ,T3L,5,4,2117,House
549900, 529 SW Schubert Pl NW Calgary AB T3L 1X3 ,T3L,5,4,2117,House
549900, 529 SW Schubert Pl NW Calgary AB T3L 1X3 ,T3L,5,4,2117,House
549900, 529 SW Schubert Pl NW Calgary AB T3L 1X3 ,T3L,5,4,2117,House
549900, 529 SW Schubert Pl NW Calgary AB T3L 1X3 ,T3L,5,4,2117,House
549900, 529 SW Schubert Pl NW Calgary AB T3L 1X3 ,T3L,5,4,2117,House
549900, 529 SW Schubert Pl NW Calgary AB T3L 1X3 ,T3L,5,4,2117,House
549900, 529 SW Schubert Pl NW Calgary AB T3L 1X3 ,T3L,5,4,2117,House
549900, 529 SW Schubert Pl NW Calgary AB T3L 1X3 ,T3L,5,4,2117,House
549900, 529 SW Schubert Pl NW Calgary AB T3L 1X3 ,T3L,5,4,2117,House
549900, 529 SW Schubert Pl NW Calgary AB T3L 1X3 ,T3L,5,4,2117,House
549900, 529 SW Schubert Pl NW Calgary AB T3L 1X3 ,T3L,5,4,2117,House
549900, 529 SW Schubert Pl NW Calgary AB T3L 1X3 ,T3L,5,4,2117,House
549900, 529 SW Schubert Pl NW Calgary AB T3L 1X3 ,T3L,5,4,2117,House
549900, 529 SW Schubert Pl NW Calgary AB T3L 1X3 ,T3L,5,4,2117,House
549900, 529 SW Schubert Pl NW Calgary AB T3L 1X3 ,T3L,5,4,2117,House
549900, 529 SW Schubert Pl NW Calgary AB T3L 1X3 ,T3L,5,4,2117,House
549900, 529 SW Schubert Pl NW Calgary AB T3L 1X3 ,T3L,5,4,2117,House
549900, 529 SW Schubert Pl NW Calgary AB T3L 1X3 ,T3L,5,4,2117,House
549900, 529 SW Schubert Pl NW Calgary AB T3L 1X3 ,T3L,5,4,2117,House
549900, 529 SW Schubert Pl NW Calgary AB T3L 1X3 ,T3L,5,4,2117,House
549900, 529 SW Schubert Pl NW Calgary AB T3L 1X3 ,T3L,5,4,2117,House
549900, 529 SW Schubert Pl NW Calgary AB T3L 1X3 ,T3L,5,4,2117,House
549900, 529 SW Schubert Pl NW Calgary AB T3L 1X3 ,T3L,5,4,2117,House
549900, 529 SW Schubert Pl NW Calgary AB T3L 1X3 ,T3L,5,4,2117,House
549900, 529 SW Schubert Pl NW Calgary AB T3L 1X3 ,T3L,5,4,2117,House
549900, 529 SW Schubert Pl NW Calgary AB T3L 1X3 ,T3L,5,4,2117,House
549900, 529 SW Schubert Pl NW Calgary AB T3L 1X3 ,T3L,5,4,2117,House
549900, 529 SW Schubert Pl NW Calgary AB T3L 1X3 ,T3L,5,4,2117,House
549900, 529 SW Schubert Pl NW Calgary AB T3L 1X3 ,T3L,5,4,2117,House
549900, 529 SW Schubert Pl NW Calgary AB T3L 1X3 ,T3L,5,4,2117,House
549900, 529 SW Schubert Pl NW Calgary AB T3L 1X3 ,T3L,5,4,2117,House
549900, 529 SW Schubert Pl NW Calgary AB T3L 1X3 ,T3L,5,4,2117,House
549900, 529 SW Schubert Pl NW Calgary AB T3L 1X3 ,T3L,5,4,2117,House
549900, 529 SW Schubert Pl NW Calgary AB T3L 1X3 ,T3L,5,4,2117,House
549900, 529 SW Schubert Pl NW Calgary AB T3L 1X3 ,T3L,5,4,2117,House
549900, 529 SW Schubert Pl NW Calgary AB T3L 1X3 ,T3L,5,4,2117,House
549900, 529 SW Schubert Pl NW Calgary AB T3L 1X3 ,T3L,5,4,2117,House
549900, 529 SW Schubert Pl NW Calgary AB T3L 1X3 ,T3L,5,4,2117,House
549900, 529 SW Schubert Pl NW Calgary AB T3L 1X3 ,T3L,5,4,2117,House
549900, 529 SW Schubert Pl NW Calgary AB T3L 1X3 ,T3L,5,4,2117,House
549900, 529 SW Schubert Pl NW Calgary AB T3L 1X3 ,T3L,5,4,2117,House
549900, 529 SW Schubert Pl NW Calgary AB T3L 1X3 ,T3L,5,4,2117,House
549900, 529 SW Schubert Pl NW Calgary AB T3L 1X3 ,T3L,5,4,2117,House
549900, 529 SW Schubert Pl NW Calgary AB T3L 1X3 ,T3L,5,4,2117,House
549900, 529 SW Schubert Pl NW Calgary AB T3L 1X3 ,T3L,5,4,2117,House
549900, 529 SW Schubert Pl NW Calgary AB T3L 1X3 ,T3L,5,4,2117,House
549900, 529 SW Schubert Pl NW Calgary AB T3L 1X3 ,T3L,5,4,2117,House
549900, 529 SW Schubert Pl NW Calgary AB T3L 1X3 ,T3L,5,4,2117,House
549900, 529 SW Schubert Pl NW Calgary AB T3L 1X3 ,T3L,5,4,2117,House
549900, 529 SW Schubert Pl NW Calgary AB T3L 1X3 ,T3L,5,4,2117,House
549900, 529 SW Schubert Pl NW Calgary AB T3L 1X3 ,T3L,5,4,2117,House
549900, 529 SW Schubert Pl NW Calgary AB T3L 1X3 ,T3L,5,4,2117,House
549900, 529 SW Schubert Pl NW Calgary AB T3L 1X3 ,T3L,5,4,2117,House
549900, 529 SW Schubert Pl NW Calgary AB T3L 1X3 ,T3L,5,4,2117,House
549900, 529 SW Schubert Pl NW Calgary AB T3L 1X3 ,T3L,5,4,2117,House
549900, 529 SW Schubert Pl NW Calgary AB T3L 1X3 ,T3L,5,4,2117,House
549900, 529 SW Schubert Pl NW Calgary AB T3L 1X3 ,T3L,5,4,2117,House
549900, 529 SW Schubert Pl NW Calgary AB T3L 1X3 ,T3L,5,4,2117,House
549900, 529 SW Schubert Pl NW Calgary AB T3L 1X3 ,T3L,5,4,2117,House
549900, 529 SW Schubert Pl NW Calgary AB T3L 1X3 ,T3L,5,4,2117,House
549900, 529 SW Schubert Pl NW Calgary AB T3L 1X3 ,T3L,5,4,2117,House
549900, 529 SW Schubert Pl NW Calgary AB T3L 1X3 ,T3L,5,4,2117,House
549900, 529 SW Schubert Pl NW Calgary AB T3L 1X3 ,T3L,5,4,2117,House
549900, 529 SW Schubert Pl NW Calgary AB T3L 1X3 ,T3L,5,4,2117,House
549900, 529 SW Schubert Pl NW Calgary AB T3L 1X3 ,T3L,5,4,2117,House
549900, 529 SW Schubert Pl NW Calgary AB T3L 1X3 ,T3L,5,4,2117,House
549900, 529 SW Schubert Pl NW Calgary AB T3L 1X3 ,T3L,5,4,2117,House
549900, 529 SW Schubert Pl NW Calgary AB T3L 1X3 ,T3L,5,4,2117,House
549900, 529 SW Schubert Pl NW Calgary AB T3L 1X3 ,T3L,5,4,2117,House
549900, 529 SW Schubert Pl NW Calgary AB T3L 1X3 ,T3L,5,4,2117,House
549900, 529 SW Schubert Pl NW Calgary AB T3L 1X3 ,T3L,5,4,2117,House
549900, 529 SW Schubert Pl NW Calgary AB T3L 1X3 ,T3L,5,4,2117,House
549900, 529 SW Schubert Pl NW Calgary AB T3L 1X3 ,T3L,5,4,2117,House
549900, 529 SW Schubert Pl NW Calgary AB T3L 1X3 ,T3L,5,4,2117,House
549900, 529 SW Schubert Pl NW Calgary AB T3L 1X3 ,T3L,5,4,2117,House
549900, 529 SW Schubert Pl NW Calgary AB T3L 1X3 ,T3L,5,4,2117,House
549900, 529 SW Schubert Pl NW Calgary AB T3L 1X3 ,T3L,5,4,2117,House
549900, 529 SW Schubert Pl NW Calgary AB T3L 1X3 ,T3L,5,4,2117,House
549900, 529 SW Schubert Pl NW Calgary AB T3L 1X3 ,T3L,5,4,2117,House
549900, 529 SW Schubert Pl NW Calgary AB T3L 1X3 ,T3L,5,4,2117,House
549900, 529 SW Schubert Pl NW Calgary AB T3L 1X3 ,T3L,5,4,2117,House
549900, 529 SW Schubert Pl NW Calgary AB T3L 1X3 ,T3L,5,4,2117,House
549900, 529 SW Schubert Pl NW Calgary AB T3L 1X3 ,T3L,5,4,2117,House
549900, 529 SW Schubert Pl NW Calgary AB T3L 1X3 ,T3L,5,4,2117,House
549900, 529 SW Schubert Pl NW Calgary AB T3L 1X3 ,T3L,5,4,2117,House
549900, 529 SW Schubert Pl NW Calgary AB T3L 1X3 ,T3L,5,4,2117,House
549900, 529 SW Schubert Pl NW Calgary AB T3L 1X3 ,T3L,5,4,2117,House
549900, 529 SW Schubert Pl NW Calgary AB T3L 1X3 ,T3L,5,4,2117,House
549900, 529 SW Schubert Pl NW Calgary AB T3L 1X3 ,T3L,5,4,2117,House
549900, 529 SW Schubert Pl NW Calgary AB T3L 1X3 ,T3L,5,4,2117,House
549900, 529 SW Schubert Pl NW Calgary AB T3L 1X3 ,T3L,5,4,2117,House
549900, 529 SW Schubert Pl NW Calgary AB T3L 1X3 ,T3L,5,4,2117,House
549900, 529 SW Schubert Pl NW Calgary AB T3L 1X3 ,T3L,5,4,2117,House
549900, 529 SW Schubert Pl NW Calgary AB T3L 1X3 ,T3L,5,4,2117,House
549900, 529 SW Schubert Pl NW Calgary AB T3L 1X3 ,T3L,5,4,2117,House
549900, 529 SW Schubert Pl NW Calgary AB T3L 1X3 ,T3L,5,4,2117,House
549900, 529 SW Schubert Pl NW Calgary AB T3L 1X3 ,T3L,5,4,2117,House
549900, 529 SW Schubert Pl NW Calgary AB T3L 1X3 ,T3L,5,4,2117,House
549900, 529 SW Schubert Pl NW Calgary AB T3L 1X3 ,T3L,5,4,2117,House
549900, 529 SW Schubert Pl NW Calgary AB T3L 1X3 ,T3L,5,4,2117,House
549900, 529 SW Schubert Pl NW Calgary AB T3L 1X3 ,T3L,5,4,2117,House
549900, 529 SW Schubert Pl NW Calgary AB T3L 1X3 ,T3L,5,4,2117,House
549900, 529 SW Schubert Pl NW Calgary AB T3L 1X3 ,T3L,5,4,2117,House
549900, 529 SW Schubert Pl NW Calgary AB T3L 1X3 ,T3L,5,4,2117,House
549900, 529 SW Schubert Pl NW Calgary AB T3L 1X3 ,T3L,5,4,2117,House
549900, 529 SW Schubert Pl NW Calgary AB T3L 1X3 ,T3L,5,4,2117,House
549900, 529 SW Schubert Pl NW Calgary AB T3L 1X3 ,T3L,5,4,2117,House
549900, 529 SW Schubert Pl NW Calgary AB T3L 1X3 ,T3L,5,4,2117,House
549900, 529 SW Schubert Pl NW Calgary AB T3L 1X3 ,T3L,5,4,2117,House
549900, 529 SW Schubert Pl NW Calgary AB T3L 1X3 ,T3L,5,4,2117,House
549900, 529 SW Schubert Pl NW Calgary AB T3L 1X3 ,T3L,5,4,2117,House
549900, 529 SW Schubert Pl NW Calgary AB T3L 1X3 ,T3L,5,4,2117,House
545000, 74 S Taradale Dr NE Calgary AB T3J 4W7 ,T3J,5,2,1026,House
540000, 103 E Whiteside Cres NE Calgary AB T1Y 2A8 ,T1Y,5,3,1161,House
540000, 310 N 12th Ave SW #1007 Calgary AB T2R 1B5 ,T2R,2,2,935,Apartment
539900, 5 NE Inverness Vw SE Calgary AB T2Z 3P7 ,T2Z,3,3,2010,House
539900, 5 NE Inverness Vw SE Calgary AB T2Z 3P7 ,T2Z,3,3,2010,House
539900, 111 W Woodglen Cir SW Calgary AB T2W 4J6 ,T2W,4,4,1562,House
539900, 100 N Ranch Estates Dr NW Calgary AB T3G 1K1 ,T3G,4,3,1273,House
539900, 5 NE Inverness Vw SE Calgary AB T2Z 3P7 ,T2Z,3,3,2010,House
539900, 5 NE Inverness Vw SE Calgary AB T2Z 3P7 ,T2Z,3,3,2010,House
539900, 5 NE Inverness Vw SE Calgary AB T2Z 3P7 ,T2Z,3,3,2010,House
539900, 5 NE Inverness Vw SE Calgary AB T2Z 3P7 ,T2Z,3,3,2010,House
539900, 5 NE Inverness Vw SE Calgary AB T2Z 3P7 ,T2Z,3,3,2010,House
539900, 5 NE Inverness Vw SE Calgary AB T2Z 3P7 ,T2Z,3,3,2010,House
539900, 5 NE Inverness Vw SE Calgary AB T2Z 3P7 ,T2Z,3,3,2010,House
539900, 5 NE Inverness Vw SE Calgary AB T2Z 3P7 ,T2Z,3,3,2010,House
539900, 5 NE Inverness Vw SE Calgary AB T2Z 3P7 ,T2Z,3,3,2010,House
539900, 5 NE Inverness Vw SE Calgary AB T2Z 3P7 ,T2Z,3,3,2010,House
539900, 5 NE Inverness Vw SE Calgary AB T2Z 3P7 ,T2Z,3,3,2010,House
539900, 5 NE Inverness Vw SE Calgary AB T2Z 3P7 ,T2Z,3,3,2010,House
539900, 5 NE Inverness Vw SE Calgary AB T2Z 3P7 ,T2Z,3,3,2010,House
539900, 5 NE Inverness Vw SE Calgary AB T2Z 3P7 ,T2Z,3,3,2010,House
539900, 5 NE Inverness Vw SE Calgary AB T2Z 3P7 ,T2Z,3,3,2010,House
539900, 5 NE Inverness Vw SE Calgary AB T2Z 3P7 ,T2Z,3,3,2010,House
539900, 5 NE Inverness Vw SE Calgary AB T2Z 3P7 ,T2Z,3,3,2010,House
539900, 5 NE Inverness Vw SE Calgary AB T2Z 3P7 ,T2Z,3,3,2010,House
539900, 5 NE Inverness Vw SE Calgary AB T2Z 3P7 ,T2Z,3,3,2010,House
539900, 5 NE Inverness Vw SE Calgary AB T2Z 3P7 ,T2Z,3,3,2010,House
539900, 5 NE Inverness Vw SE Calgary AB T2Z 3P7 ,T2Z,3,3,2010,House
539900, 5 NE Inverness Vw SE Calgary AB T2Z 3P7 ,T2Z,3,3,2010,House
539900, 5 NE Inverness Vw SE Calgary AB T2Z 3P7 ,T2Z,3,3,2010,House
539900, 5 NE Inverness Vw SE Calgary AB T2Z 3P7 ,T2Z,3,3,2010,House
539900, 5 NE Inverness Vw SE Calgary AB T2Z 3P7 ,T2Z,3,3,2010,House
539900, 5 NE Inverness Vw SE Calgary AB T2Z 3P7 ,T2Z,3,3,2010,House
539900, 5 NE Inverness Vw SE Calgary AB T2Z 3P7 ,T2Z,3,3,2010,House
539900, 5 NE Inverness Vw SE Calgary AB T2Z 3P7 ,T2Z,3,3,2010,House
539900, 5 NE Inverness Vw SE Calgary AB T2Z 3P7 ,T2Z,3,3,2010,House
539900, 5 NE Inverness Vw SE Calgary AB T2Z 3P7 ,T2Z,3,3,2010,House
539900, 5 NE Inverness Vw SE Calgary AB T2Z 3P7 ,T2Z,3,3,2010,House
539900, 5 NE Inverness Vw SE Calgary AB T2Z 3P7 ,T2Z,3,3,2010,House
539900, 5 NE Inverness Vw SE Calgary AB T2Z 3P7 ,T2Z,3,3,2010,House
539900, 5 NE Inverness Vw SE Calgary AB T2Z 3P7 ,T2Z,3,3,2010,House
539900, 5 NE Inverness Vw SE Calgary AB T2Z 3P7 ,T2Z,3,3,2010,House
539900, 5 NE Inverness Vw SE Calgary AB T2Z 3P7 ,T2Z,3,3,2010,House
539900, 5 NE Inverness Vw SE Calgary AB T2Z 3P7 ,T2Z,3,3,2010,House
539900, 5 NE Inverness Vw SE Calgary AB T2Z 3P7 ,T2Z,3,3,2010,House
539900, 5 NE Inverness Vw SE Calgary AB T2Z 3P7 ,T2Z,3,3,2010,House
539900, 5 NE Inverness Vw SE Calgary AB T2Z 3P7 ,T2Z,3,3,2010,House
539900, 5 NE Inverness Vw SE Calgary AB T2Z 3P7 ,T2Z,3,3,2010,House
539900, 5 NE Inverness Vw SE Calgary AB T2Z 3P7 ,T2Z,3,3,2010,House
539900, 5 NE Inverness Vw SE Calgary AB T2Z 3P7 ,T2Z,3,3,2010,House
539900, 5 NE Inverness Vw SE Calgary AB T2Z 3P7 ,T2Z,3,3,2010,House
539900, 5 NE Inverness Vw SE Calgary AB T2Z 3P7 ,T2Z,3,3,2010,House
539900, 5 NE Inverness Vw SE Calgary AB T2Z 3P7 ,T2Z,3,3,2010,House
539900, 5 NE Inverness Vw SE Calgary AB T2Z 3P7 ,T2Z,3,3,2010,House
539900, 5 NE Inverness Vw SE Calgary AB T2Z 3P7 ,T2Z,3,3,2010,House
539900, 5 NE Inverness Vw SE Calgary AB T2Z 3P7 ,T2Z,3,3,2010,House
539900, 5 NE Inverness Vw SE Calgary AB T2Z 3P7 ,T2Z,3,3,2010,House
539900, 5 NE Inverness Vw SE Calgary AB T2Z 3P7 ,T2Z,3,3,2010,House
539900, 5 NE Inverness Vw SE Calgary AB T2Z 3P7 ,T2Z,3,3,2010,House
539900, 5 NE Inverness Vw SE Calgary AB T2Z 3P7 ,T2Z,3,3,2010,House
539900, 5 NE Inverness Vw SE Calgary AB T2Z 3P7 ,T2Z,3,3,2010,House
539900, 5 NE Inverness Vw SE Calgary AB T2Z 3P7 ,T2Z,3,3,2010,House
539900, 5 NE Inverness Vw SE Calgary AB T2Z 3P7 ,T2Z,3,3,2010,House
539900, 5 NE Inverness Vw SE Calgary AB T2Z 3P7 ,T2Z,3,3,2010,House
539900, 5 NE Inverness Vw SE Calgary AB T2Z 3P7 ,T2Z,3,3,2010,House
539900, 5 NE Inverness Vw SE Calgary AB T2Z 3P7 ,T2Z,3,3,2010,House
539900, 5 NE Inverness Vw SE Calgary AB T2Z 3P7 ,T2Z,3,3,2010,House
539900, 5 NE Inverness Vw SE Calgary AB T2Z 3P7 ,T2Z,3,3,2010,House
539900, 5 NE Inverness Vw SE Calgary AB T2Z 3P7 ,T2Z,3,3,2010,House
539900, 5 NE Inverness Vw SE Calgary AB T2Z 3P7 ,T2Z,3,3,2010,House
539900, 5 NE Inverness Vw SE Calgary AB T2Z 3P7 ,T2Z,3,3,2010,House
539900, 5 NE Inverness Vw SE Calgary AB T2Z 3P7 ,T2Z,3,3,2010,House
539900, 5 NE Inverness Vw SE Calgary AB T2Z 3P7 ,T2Z,3,3,2010,House
539900, 5 NE Inverness Vw SE Calgary AB T2Z 3P7 ,T2Z,3,3,2010,House
539900, 5 NE Inverness Vw SE Calgary AB T2Z 3P7 ,T2Z,3,3,2010,House
539900, 5 NE Inverness Vw SE Calgary AB T2Z 3P7 ,T2Z,3,3,2010,House
539900, 5 NE Inverness Vw SE Calgary AB T2Z 3P7 ,T2Z,3,3,2010,House
539900, 5 NE Inverness Vw SE Calgary AB T2Z 3P7 ,T2Z,3,3,2010,House
539900, 5 NE Inverness Vw SE Calgary AB T2Z 3P7 ,T2Z,3,3,2010,House
539900, 5 NE Inverness Vw SE Calgary AB T2Z 3P7 ,T2Z,3,3,2010,House
539900, 5 NE Inverness Vw SE Calgary AB T2Z 3P7 ,T2Z,3,3,2010,House
539900, 5 NE Inverness Vw SE Calgary AB T2Z 3P7 ,T2Z,3,3,2010,House
539900, 5 NE Inverness Vw SE Calgary AB T2Z 3P7 ,T2Z,3,3,2010,House
539900, 5 NE Inverness Vw SE Calgary AB T2Z 3P7 ,T2Z,3,3,2010,House
539900, 5 NE Inverness Vw SE Calgary AB T2Z 3P7 ,T2Z,3,3,2010,House
539900, 5 NE Inverness Vw SE Calgary AB T2Z 3P7 ,T2Z,3,3,2010,House
539900, 5 NE Inverness Vw SE Calgary AB T2Z 3P7 ,T2Z,3,3,2010,House
539900, 5 NE Inverness Vw SE Calgary AB T2Z 3P7 ,T2Z,3,3,2010,House
539900, 5 NE Inverness Vw SE Calgary AB T2Z 3P7 ,T2Z,3,3,2010,House
539900, 5 NE Inverness Vw SE Calgary AB T2Z 3P7 ,T2Z,3,3,2010,House
539900, 5 NE Inverness Vw SE Calgary AB T2Z 3P7 ,T2Z,3,3,2010,House
539900, 5 NE Inverness Vw SE Calgary AB T2Z 3P7 ,T2Z,3,3,2010,House
539900, 5 NE Inverness Vw SE Calgary AB T2Z 3P7 ,T2Z,3,3,2010,House
539900, 5 NE Inverness Vw SE Calgary AB T2Z 3P7 ,T2Z,3,3,2010,House
539900, 5 NE Inverness Vw SE Calgary AB T2Z 3P7 ,T2Z,3,3,2010,House
539900, 5 NE Inverness Vw SE Calgary AB T2Z 3P7 ,T2Z,3,3,2010,House
539900, 5 NE Inverness Vw SE Calgary AB T2Z 3P7 ,T2Z,3,3,2010,House
539900, 5 NE Inverness Vw SE Calgary AB T2Z 3P7 ,T2Z,3,3,2010,House
539900, 5 NE Inverness Vw SE Calgary AB T2Z 3P7 ,T2Z,3,3,2010,House
539900, 5 NE Inverness Vw SE Calgary AB T2Z 3P7 ,T2Z,3,3,2010,House
539900, 5 NE Inverness Vw SE Calgary AB T2Z 3P7 ,T2Z,3,3,2010,House
539900, 5 NE Inverness Vw SE Calgary AB T2Z 3P7 ,T2Z,3,3,2010,House
539900, 5 NE Inverness Vw SE Calgary AB T2Z 3P7 ,T2Z,3,3,2010,House
539900, 5 NE Inverness Vw SE Calgary AB T2Z 3P7 ,T2Z,3,3,2010,House
539900, 5 NE Inverness Vw SE Calgary AB T2Z 3P7 ,T2Z,3,3,2010,House
539900, 5 NE Inverness Vw SE Calgary AB T2Z 3P7 ,T2Z,3,3,2010,House
539900, 5 NE Inverness Vw SE Calgary AB T2Z 3P7 ,T2Z,3,3,2010,House
539900, 5 NE Inverness Vw SE Calgary AB T2Z 3P7 ,T2Z,3,3,2010,House
539900, 5 NE Inverness Vw SE Calgary AB T2Z 3P7 ,T2Z,3,3,2010,House
539900, 5 NE Inverness Vw SE Calgary AB T2Z 3P7 ,T2Z,3,3,2010,House
539900, 5 NE Inverness Vw SE Calgary AB T2Z 3P7 ,T2Z,3,3,2010,House
539900, 5 NE Inverness Vw SE Calgary AB T2Z 3P7 ,T2Z,3,3,2010,House
539900, 5 NE Inverness Vw SE Calgary AB T2Z 3P7 ,T2Z,3,3,2010,House
539900, 5 NE Inverness Vw SE Calgary AB T2Z 3P7 ,T2Z,3,3,2010,House
539900, 5 NE Inverness Vw SE Calgary AB T2Z 3P7 ,T2Z,3,3,2010,House
539900, 5 NE Inverness Vw SE Calgary AB T2Z 3P7 ,T2Z,3,3,2010,House
539900, 5 NE Inverness Vw SE Calgary AB T2Z 3P7 ,T2Z,3,3,2010,House
539900, 5 NE Inverness Vw SE Calgary AB T2Z 3P7 ,T2Z,3,3,2010,House
539900, 5 NE Inverness Vw SE Calgary AB T2Z 3P7 ,T2Z,3,3,2010,House
539900, 5 NE Inverness Vw SE Calgary AB T2Z 3P7 ,T2Z,3,3,2010,House
539900, 5 NE Inverness Vw SE Calgary AB T2Z 3P7 ,T2Z,3,3,2010,House
539900, 5 NE Inverness Vw SE Calgary AB T2Z 3P7 ,T2Z,3,3,2010,House
539900, 5 NE Inverness Vw SE Calgary AB T2Z 3P7 ,T2Z,3,3,2010,House
539900, 5 NE Inverness Vw SE Calgary AB T2Z 3P7 ,T2Z,3,3,2010,House
539900, 5 NE Inverness Vw SE Calgary AB T2Z 3P7 ,T2Z,3,3,2010,House
539900, 5 NE Inverness Vw SE Calgary AB T2Z 3P7 ,T2Z,3,3,2010,House
539900, 5 NE Inverness Vw SE Calgary AB T2Z 3P7 ,T2Z,3,3,2010,House
539900, 5 NE Inverness Vw SE Calgary AB T2Z 3P7 ,T2Z,3,3,2010,House
539900, 5 NE Inverness Vw SE Calgary AB T2Z 3P7 ,T2Z,3,3,2010,House
539900, 5 NE Inverness Vw SE Calgary AB T2Z 3P7 ,T2Z,3,3,2010,House
539900, 5 NE Inverness Vw SE Calgary AB T2Z 3P7 ,T2Z,3,3,2010,House
539900, 5 NE Inverness Vw SE Calgary AB T2Z 3P7 ,T2Z,3,3,2010,House
539900, 5 NE Inverness Vw SE Calgary AB T2Z 3P7 ,T2Z,3,3,2010,House
539900, 5 NE Inverness Vw SE Calgary AB T2Z 3P7 ,T2Z,3,3,2010,House
539900, 5 NE Inverness Vw SE Calgary AB T2Z 3P7 ,T2Z,3,3,2010,House
539900, 5 NE Inverness Vw SE Calgary AB T2Z 3P7 ,T2Z,3,3,2010,House
539000, 33 Panorama Hills Park SE Calgary AB T3K 4N5 ,T3K,4,4,1485,House
530000, 128 S Prestwick Poin SE Calgary AB T2Z 4K7 ,T2Z,3,3,1762,House
525000, 24 S Coverton Hts NE Calgary AB T3K 5B1 ,T3K,4,3,1504,House
525000, 34 W Spokane St SW Calgary AB T2W 0M5 ,T2W,4,2,1062,House
499900, 7 E Shawcliffe Pl SW Calgary AB T2Y 1H5 ,T2Y,4,3,1873,House
499900, 7 E Shawcliffe Pl SW Calgary AB T2Y 1H5 ,T2Y,4,3,1873,House
499900, 2006 W 27th St SE Calgary AB T2B 0P7 ,T2B,5,2,1195,House
499900, 31 E Taralea Cres NE Calgary AB T3J 4Y1 ,T3J,4,3,1448,House
499900, 7 E Shawcliffe Pl SW Calgary AB T2Y 1H5 ,T2Y,4,3,1873,House
499900, 7 E Shawcliffe Pl SW Calgary AB T2Y 1H5 ,T2Y,4,3,1873,House
499900, 7 E Shawcliffe Pl SW Calgary AB T2Y 1H5 ,T2Y,4,3,1873,House
499900, 7 E Shawcliffe Pl SW Calgary AB T2Y 1H5 ,T2Y,4,3,1873,House
499900, 7 E Shawcliffe Pl SW Calgary AB T2Y 1H5 ,T2Y,4,3,1873,House
499900, 7 E Shawcliffe Pl SW Calgary AB T2Y 1H5 ,T2Y,4,3,1873,House
499900, 7 E Shawcliffe Pl SW Calgary AB T2Y 1H5 ,T2Y,4,3,1873,House
499900, 7 E Shawcliffe Pl SW Calgary AB T2Y 1H5 ,T2Y,4,3,1873,House
499900, 7 E Shawcliffe Pl SW Calgary AB T2Y 1H5 ,T2Y,4,3,1873,House
499900, 7 E Shawcliffe Pl SW Calgary AB T2Y 1H5 ,T2Y,4,3,1873,House
499900, 7 E Shawcliffe Pl SW Calgary AB T2Y 1H5 ,T2Y,4,3,1873,House
499900, 7 E Shawcliffe Pl SW Calgary AB T2Y 1H5 ,T2Y,4,3,1873,House
499900, 7 E Shawcliffe Pl SW Calgary AB T2Y 1H5 ,T2Y,4,3,1873,House
499900, 7 E Shawcliffe Pl SW Calgary AB T2Y 1H5 ,T2Y,4,3,1873,House
499900, 7 E Shawcliffe Pl SW Calgary AB T2Y 1H5 ,T2Y,4,3,1873,House
499900, 7 E Shawcliffe Pl SW Calgary AB T2Y 1H5 ,T2Y,4,3,1873,House
499900, 7 E Shawcliffe Pl SW Calgary AB T2Y 1H5 ,T2Y,4,3,1873,House
499900, 7 E Shawcliffe Pl SW Calgary AB T2Y 1H5 ,T2Y,4,3,1873,House
499900, 7 E Shawcliffe Pl SW Calgary AB T2Y 1H5 ,T2Y,4,3,1873,House
499900, 7 E Shawcliffe Pl SW Calgary AB T2Y 1H5 ,T2Y,4,3,1873,House
499900, 7 E Shawcliffe Pl SW Calgary AB T2Y 1H5 ,T2Y,4,3,1873,House
499900, 7 E Shawcliffe Pl SW Calgary AB T2Y 1H5 ,T2Y,4,3,1873,House
499900, 7 E Shawcliffe Pl SW Calgary AB T2Y 1H5 ,T2Y,4,3,1873,House
499900, 7 E Shawcliffe Pl SW Calgary AB T2Y 1H5 ,T2Y,4,3,1873,House
499900, 7 E Shawcliffe Pl SW Calgary AB T2Y 1H5 ,T2Y,4,3,1873,House
499900, 7 E Shawcliffe Pl SW Calgary AB T2Y 1H5 ,T2Y,4,3,1873,House
499900, 7 E Shawcliffe Pl SW Calgary AB T2Y 1H5 ,T2Y,4,3,1873,House
499900, 7 E Shawcliffe Pl SW Calgary AB T2Y 1H5 ,T2Y,4,3,1873,House
499900, 7 E Shawcliffe Pl SW Calgary AB T2Y 1H5 ,T2Y,4,3,1873,House
499900, 7 E Shawcliffe Pl SW Calgary AB T2Y 1H5 ,T2Y,4,3,1873,House
499900, 7 E Shawcliffe Pl SW Calgary AB T2Y 1H5 ,T2Y,4,3,1873,House
499900, 7 E Shawcliffe Pl SW Calgary AB T2Y 1H5 ,T2Y,4,3,1873,House
499900, 7 E Shawcliffe Pl SW Calgary AB T2Y 1H5 ,T2Y,4,3,1873,House
499900, 7 E Shawcliffe Pl SW Calgary AB T2Y 1H5 ,T2Y,4,3,1873,House
499900, 7 E Shawcliffe Pl SW Calgary AB T2Y 1H5 ,T2Y,4,3,1873,House
499900, 7 E Shawcliffe Pl SW Calgary AB T2Y 1H5 ,T2Y,4,3,1873,House
499900, 7 E Shawcliffe Pl SW Calgary AB T2Y 1H5 ,T2Y,4,3,1873,House
499900, 7 E Shawcliffe Pl SW Calgary AB T2Y 1H5 ,T2Y,4,3,1873,House
499900, 7 E Shawcliffe Pl SW Calgary AB T2Y 1H5 ,T2Y,4,3,1873,House
499900, 7 E Shawcliffe Pl SW Calgary AB T2Y 1H5 ,T2Y,4,3,1873,House
499900, 7 E Shawcliffe Pl SW Calgary AB T2Y 1H5 ,T2Y,4,3,1873,House
499900, 7 E Shawcliffe Pl SW Calgary AB T2Y 1H5 ,T2Y,4,3,1873,House
499900, 7 E Shawcliffe Pl SW Calgary AB T2Y 1H5 ,T2Y,4,3,1873,House
499900, 7 E Shawcliffe Pl SW Calgary AB T2Y 1H5 ,T2Y,4,3,1873,House
499900, 7 E Shawcliffe Pl SW Calgary AB T2Y 1H5 ,T2Y,4,3,1873,House
499900, 7 E Shawcliffe Pl SW Calgary AB T2Y 1H5 ,T2Y,4,3,1873,House
499900, 7 E Shawcliffe Pl SW Calgary AB T2Y 1H5 ,T2Y,4,3,1873,House
499900, 7 E Shawcliffe Pl SW Calgary AB T2Y 1H5 ,T2Y,4,3,1873,House
499900, 7 E Shawcliffe Pl SW Calgary AB T2Y 1H5 ,T2Y,4,3,1873,House
499900, 7 E Shawcliffe Pl SW Calgary AB T2Y 1H5 ,T2Y,4,3,1873,House
499900, 7 E Shawcliffe Pl SW Calgary AB T2Y 1H5 ,T2Y,4,3,1873,House
499900, 7 E Shawcliffe Pl SW Calgary AB T2Y 1H5 ,T2Y,4,3,1873,House
499900, 7 E Shawcliffe Pl SW Calgary AB T2Y 1H5 ,T2Y,4,3,1873,House
499900, 7 E Shawcliffe Pl SW Calgary AB T2Y 1H5 ,T2Y,4,3,1873,House
499900, 7 E Shawcliffe Pl SW Calgary AB T2Y 1H5 ,T2Y,4,3,1873,House
499900, 7 E Shawcliffe Pl SW Calgary AB T2Y 1H5 ,T2Y,4,3,1873,House
499900, 7 E Shawcliffe Pl SW Calgary AB T2Y 1H5 ,T2Y,4,3,1873,House
499900, 7 E Shawcliffe Pl SW Calgary AB T2Y 1H5 ,T2Y,4,3,1873,House
499900, 7 E Shawcliffe Pl SW Calgary AB T2Y 1H5 ,T2Y,4,3,1873,House
499900, 7 E Shawcliffe Pl SW Calgary AB T2Y 1H5 ,T2Y,4,3,1873,House
499900, 7 E Shawcliffe Pl SW Calgary AB T2Y 1H5 ,T2Y,4,3,1873,House
499900, 7 E Shawcliffe Pl SW Calgary AB T2Y 1H5 ,T2Y,4,3,1873,House
499900, 7 E Shawcliffe Pl SW Calgary AB T2Y 1H5 ,T2Y,4,3,1873,House
499900, 7 E Shawcliffe Pl SW Calgary AB T2Y 1H5 ,T2Y,4,3,1873,House
499900, 7 E Shawcliffe Pl SW Calgary AB T2Y 1H5 ,T2Y,4,3,1873,House
499900, 7 E Shawcliffe Pl SW Calgary AB T2Y 1H5 ,T2Y,4,3,1873,House
499900, 7 E Shawcliffe Pl SW Calgary AB T2Y 1H5 ,T2Y,4,3,1873,House
499900, 7 E Shawcliffe Pl SW Calgary AB T2Y 1H5 ,T2Y,4,3,1873,House
499900, 7 E Shawcliffe Pl SW Calgary AB T2Y 1H5 ,T2Y,4,3,1873,House
499900, 7 E Shawcliffe Pl SW Calgary AB T2Y 1H5 ,T2Y,4,3,1873,House
499900, 7 E Shawcliffe Pl SW Calgary AB T2Y 1H5 ,T2Y,4,3,1873,House
499900, 7 E Shawcliffe Pl SW Calgary AB T2Y 1H5 ,T2Y,4,3,1873,House
499900, 7 E Shawcliffe Pl SW Calgary AB T2Y 1H5 ,T2Y,4,3,1873,House
499900, 7 E Shawcliffe Pl SW Calgary AB T2Y 1H5 ,T2Y,4,3,1873,House
499900, 7 E Shawcliffe Pl SW Calgary AB T2Y 1H5 ,T2Y,4,3,1873,House
499900, 7 E Shawcliffe Pl SW Calgary AB T2Y 1H5 ,T2Y,4,3,1873,House
499900, 7 E Shawcliffe Pl SW Calgary AB T2Y 1H5 ,T2Y,4,3,1873,House
499900, 7 E Shawcliffe Pl SW Calgary AB T2Y 1H5 ,T2Y,4,3,1873,House
499900, 7 E Shawcliffe Pl SW Calgary AB T2Y 1H5 ,T2Y,4,3,1873,House
499900, 7 E Shawcliffe Pl SW Calgary AB T2Y 1H5 ,T2Y,4,3,1873,House
499900, 7 E Shawcliffe Pl SW Calgary AB T2Y 1H5 ,T2Y,4,3,1873,House
499900, 7 E Shawcliffe Pl SW Calgary AB T2Y 1H5 ,T2Y,4,3,1873,House
499900, 7 E Shawcliffe Pl SW Calgary AB T2Y 1H5 ,T2Y,4,3,1873,House
499900, 7 E Shawcliffe Pl SW Calgary AB T2Y 1H5 ,T2Y,4,3,1873,House
499900, 7 E Shawcliffe Pl SW Calgary AB T2Y 1H5 ,T2Y,4,3,1873,House
499900, 7 E Shawcliffe Pl SW Calgary AB T2Y 1H5 ,T2Y,4,3,1873,House
499900, 7 E Shawcliffe Pl SW Calgary AB T2Y 1H5 ,T2Y,4,3,1873,House
499900, 7 E Shawcliffe Pl SW Calgary AB T2Y 1H5 ,T2Y,4,3,1873,House
499900, 7 E Shawcliffe Pl SW Calgary AB T2Y 1H5 ,T2Y,4,3,1873,House
499900, 7 E Shawcliffe Pl SW Calgary AB T2Y 1H5 ,T2Y,4,3,1873,House
499900, 7 E Shawcliffe Pl SW Calgary AB T2Y 1H5 ,T2Y,4,3,1873,House
499900, 7 E Shawcliffe Pl SW Calgary AB T2Y 1H5 ,T2Y,4,3,1873,House
499900, 7 E Shawcliffe Pl SW Calgary AB T2Y 1H5 ,T2Y,4,3,1873,House
499900, 7 E Shawcliffe Pl SW Calgary AB T2Y 1H5 ,T2Y,4,3,1873,House
499900, 7 E Shawcliffe Pl SW Calgary AB T2Y 1H5 ,T2Y,4,3,1873,House
499900, 7 E Shawcliffe Pl SW Calgary AB T2Y 1H5 ,T2Y,4,3,1873,House
499900, 7 E Shawcliffe Pl SW Calgary AB T2Y 1H5 ,T2Y,4,3,1873,House
499900, 7 E Shawcliffe Pl SW Calgary AB T2Y 1H5 ,T2Y,4,3,1873,House
499900, 7 E Shawcliffe Pl SW Calgary AB T2Y 1H5 ,T2Y,4,3,1873,House
499900, 7 E Shawcliffe Pl SW Calgary AB T2Y 1H5 ,T2Y,4,3,1873,House
499900, 7 E Shawcliffe Pl SW Calgary AB T2Y 1H5 ,T2Y,4,3,1873,House
499900, 7 E Shawcliffe Pl SW Calgary AB T2Y 1H5 ,T2Y,4,3,1873,House
499900, 7 E Shawcliffe Pl SW Calgary AB T2Y 1H5 ,T2Y,4,3,1873,House
499900, 7 E Shawcliffe Pl SW Calgary AB T2Y 1H5 ,T2Y,4,3,1873,House
499900, 7 E Shawcliffe Pl SW Calgary AB T2Y 1H5 ,T2Y,4,3,1873,House
499900, 7 E Shawcliffe Pl SW Calgary AB T2Y 1H5 ,T2Y,4,3,1873,House
499900, 7 E Shawcliffe Pl SW Calgary AB T2Y 1H5 ,T2Y,4,3,1873,House
499900, 7 E Shawcliffe Pl SW Calgary AB T2Y 1H5 ,T2Y,4,3,1873,House
499900, 7 E Shawcliffe Pl SW Calgary AB T2Y 1H5 ,T2Y,4,3,1873,House
499900, 7 E Shawcliffe Pl SW Calgary AB T2Y 1H5 ,T2Y,4,3,1873,House
499900, 7 E Shawcliffe Pl SW Calgary AB T2Y 1H5 ,T2Y,4,3,1873,House
499900, 7 E Shawcliffe Pl SW Calgary AB T2Y 1H5 ,T2Y,4,3,1873,House
499900, 7 E Shawcliffe Pl SW Calgary AB T2Y 1H5 ,T2Y,4,3,1873,House
499900, 7 E Shawcliffe Pl SW Calgary AB T2Y 1H5 ,T2Y,4,3,1873,House
499900, 7 E Shawcliffe Pl SW Calgary AB T2Y 1H5 ,T2Y,4,3,1873,House
499900, 7 E Shawcliffe Pl SW Calgary AB T2Y 1H5 ,T2Y,4,3,1873,House
499900, 7 E Shawcliffe Pl SW Calgary AB T2Y 1H5 ,T2Y,4,3,1873,House
499900, 7 E Shawcliffe Pl SW Calgary AB T2Y 1H5 ,T2Y,4,3,1873,House
499900, 7 E Shawcliffe Pl SW Calgary AB T2Y 1H5 ,T2Y,4,3,1873,House
499900, 7 E Shawcliffe Pl SW Calgary AB T2Y 1H5 ,T2Y,4,3,1873,House
499900, 7 E Shawcliffe Pl SW Calgary AB T2Y 1H5 ,T2Y,4,3,1873,House
499900, 7 E Shawcliffe Pl SW Calgary AB T2Y 1H5 ,T2Y,4,3,1873,House
499900, 7 E Shawcliffe Pl SW Calgary AB T2Y 1H5 ,T2Y,4,3,1873,House
499900, 7 E Shawcliffe Pl SW Calgary AB T2Y 1H5 ,T2Y,4,3,1873,House
499900, 7 E Shawcliffe Pl SW Calgary AB T2Y 1H5 ,T2Y,4,3,1873,House
499900, 7 E Shawcliffe Pl SW Calgary AB T2Y 1H5 ,T2Y,4,3,1873,House
499900, 7 E Shawcliffe Pl SW Calgary AB T2Y 1H5 ,T2Y,4,3,1873,House
499900, 7 E Shawcliffe Pl SW Calgary AB T2Y 1H5 ,T2Y,4,3,1873,House
499900, 7 E Shawcliffe Pl SW Calgary AB T2Y 1H5 ,T2Y,4,3,1873,House
489000, 1613 W 2nd St NW Calgary AB T2M 2W2 ,T2M,2,1,744,House
488888, 8 W Whitehaven Rd NE Calgary AB T1Y 6C6 ,T1Y,5,3,1183,House
486000, 43 W Yorkville Blvd SW Calgary AB T2X 4K2 ,T2X,3,3,1335,Townhouse
479888, 63 SE Coventry Rd NE Calgary AB T3K 5K4 ,T3K,3,2,905,House
475000, 20 S Taralake Ln NE Calgary AB T3J 0E7 ,T3J,4,3,1647,House
475000, 6335 W 34th Ave NW Calgary AB T3B 1M8 ,T3B,3,2,864,House
469900, 228 W Pinetree Pl NE Calgary AB T1Y 1M2 ,T1Y,3,2,1470,House
469900, 1288 SW Ranchview Rd NW Calgary AB T3G 1Y2 ,T3G,3,3,1789,House
469900, 228 W Pinetree Pl NE Calgary AB T1Y 1M2 ,T1Y,3,2,1470,House
469900, 1288 SW Ranchview Rd NW Calgary AB T3G 1Y2 ,T3G,3,3,1789,House
469900, 22 S Everglen Mnr SW Calgary AB T2Y 5G3 ,T2Y,4,2,1361,House
469900, 228 W Pinetree Pl NE Calgary AB T1Y 1M2 ,T1Y,3,2,1470,House
469900, 1288 SW Ranchview Rd NW Calgary AB T3G 1Y2 ,T3G,3,3,1789,House
469900, 228 W Pinetree Pl NE Calgary AB T1Y 1M2 ,T1Y,3,2,1470,House
469900, 1288 SW Ranchview Rd NW Calgary AB T3G 1Y2 ,T3G,3,3,1789,House
469900, 228 W Pinetree Pl NE Calgary AB T1Y 1M2 ,T1Y,3,2,1470,House
469900, 1288 SW Ranchview Rd NW Calgary AB T3G 1Y2 ,T3G,3,3,1789,House
469900, 228 W Pinetree Pl NE Calgary AB T1Y 1M2 ,T1Y,3,2,1470,House
469900, 1288 SW Ranchview Rd NW Calgary AB T3G 1Y2 ,T3G,3,3,1789,House
469900, 228 W Pinetree Pl NE Calgary AB T1Y 1M2 ,T1Y,3,2,1470,House
469900, 1288 SW Ranchview Rd NW Calgary AB T3G 1Y2 ,T3G,3,3,1789,House
469900, 228 W Pinetree Pl NE Calgary AB T1Y 1M2 ,T1Y,3,2,1470,House
469900, 1288 SW Ranchview Rd NW Calgary AB T3G 1Y2 ,T3G,3,3,1789,House
469900, 228 W Pinetree Pl NE Calgary AB T1Y 1M2 ,T1Y,3,2,1470,House
469900, 1288 SW Ranchview Rd NW Calgary AB T3G 1Y2 ,T3G,3,3,1789,House
469900, 228 W Pinetree Pl NE Calgary AB T1Y 1M2 ,T1Y,3,2,1470,House
469900, 1288 SW Ranchview Rd NW Calgary AB T3G 1Y2 ,T3G,3,3,1789,House
469900, 228 W Pinetree Pl NE Calgary AB T1Y 1M2 ,T1Y,3,2,1470,House
469900, 1288 SW Ranchview Rd NW Calgary AB T3G 1Y2 ,T3G,3,3,1789,House
469900, 228 W Pinetree Pl NE Calgary AB T1Y 1M2 ,T1Y,3,2,1470,House
469900, 1288 SW Ranchview Rd NW Calgary AB T3G 1Y2 ,T3G,3,3,1789,House
469900, 228 W Pinetree Pl NE Calgary AB T1Y 1M2 ,T1Y,3,2,1470,House
469900, 1288 SW Ranchview Rd NW Calgary AB T3G 1Y2 ,T3G,3,3,1789,House
469900, 228 W Pinetree Pl NE Calgary AB T1Y 1M2 ,T1Y,3,2,1470,House
469900, 1288 SW Ranchview Rd NW Calgary AB T3G 1Y2 ,T3G,3,3,1789,House
469900, 228 W Pinetree Pl NE Calgary AB T1Y 1M2 ,T1Y,3,2,1470,House
469900, 1288 SW Ranchview Rd NW Calgary AB T3G 1Y2 ,T3G,3,3,1789,House
469900, 228 W Pinetree Pl NE Calgary AB T1Y 1M2 ,T1Y,3,2,1470,House
469900, 1288 SW Ranchview Rd NW Calgary AB T3G 1Y2 ,T3G,3,3,1789,House
469900, 228 W Pinetree Pl NE Calgary AB T1Y 1M2 ,T1Y,3,2,1470,House
469900, 1288 SW Ranchview Rd NW Calgary AB T3G 1Y2 ,T3G,3,3,1789,House
469900, 228 W Pinetree Pl NE Calgary AB T1Y 1M2 ,T1Y,3,2,1470,House
469900, 1288 SW Ranchview Rd NW Calgary AB T3G 1Y2 ,T3G,3,3,1789,House
469900, 228 W Pinetree Pl NE Calgary AB T1Y 1M2 ,T1Y,3,2,1470,House
469900, 1288 SW Ranchview Rd NW Calgary AB T3G 1Y2 ,T3G,3,3,1789,House
469900, 228 W Pinetree Pl NE Calgary AB T1Y 1M2 ,T1Y,3,2,1470,House
469900, 1288 SW Ranchview Rd NW Calgary AB T3G 1Y2 ,T3G,3,3,1789,House
469900, 228 W Pinetree Pl NE Calgary AB T1Y 1M2 ,T1Y,3,2,1470,House
469900, 1288 SW Ranchview Rd NW Calgary AB T3G 1Y2 ,T3G,3,3,1789,House
469900, 228 W Pinetree Pl NE Calgary AB T1Y 1M2 ,T1Y,3,2,1470,House
469900, 1288 SW Ranchview Rd NW Calgary AB T3G 1Y2 ,T3G,3,3,1789,House
469900, 228 W Pinetree Pl NE Calgary AB T1Y 1M2 ,T1Y,3,2,1470,House
469900, 1288 SW Ranchview Rd NW Calgary AB T3G 1Y2 ,T3G,3,3,1789,House
469900, 228 W Pinetree Pl NE Calgary AB T1Y 1M2 ,T1Y,3,2,1470,House
469900, 1288 SW Ranchview Rd NW Calgary AB T3G 1Y2 ,T3G,3,3,1789,House
469900, 228 W Pinetree Pl NE Calgary AB T1Y 1M2 ,T1Y,3,2,1470,House
469900, 1288 SW Ranchview Rd NW Calgary AB T3G 1Y2 ,T3G,3,3,1789,House
469900, 228 W Pinetree Pl NE Calgary AB T1Y 1M2 ,T1Y,3,2,1470,House
469900, 1288 SW Ranchview Rd NW Calgary AB T3G 1Y2 ,T3G,3,3,1789,House
469900, 228 W Pinetree Pl NE Calgary AB T1Y 1M2 ,T1Y,3,2,1470,House
469900, 1288 SW Ranchview Rd NW Calgary AB T3G 1Y2 ,T3G,3,3,1789,House
469900, 228 W Pinetree Pl NE Calgary AB T1Y 1M2 ,T1Y,3,2,1470,House
469900, 1288 SW Ranchview Rd NW Calgary AB T3G 1Y2 ,T3G,3,3,1789,House
469900, 228 W Pinetree Pl NE Calgary AB T1Y 1M2 ,T1Y,3,2,1470,House
469900, 1288 SW Ranchview Rd NW Calgary AB T3G 1Y2 ,T3G,3,3,1789,House
469900, 228 W Pinetree Pl NE Calgary AB T1Y 1M2 ,T1Y,3,2,1470,House
469900, 1288 SW Ranchview Rd NW Calgary AB T3G 1Y2 ,T3G,3,3,1789,House
469900, 228 W Pinetree Pl NE Calgary AB T1Y 1M2 ,T1Y,3,2,1470,House
469900, 1288 SW Ranchview Rd NW Calgary AB T3G 1Y2 ,T3G,3,3,1789,House
469900, 228 W Pinetree Pl NE Calgary AB T1Y 1M2 ,T1Y,3,2,1470,House
469900, 1288 SW Ranchview Rd NW Calgary AB T3G 1Y2 ,T3G,3,3,1789,House
469900, 228 W Pinetree Pl NE Calgary AB T1Y 1M2 ,T1Y,3,2,1470,House
469900, 1288 SW Ranchview Rd NW Calgary AB T3G 1Y2 ,T3G,3,3,1789,House
469900, 228 W Pinetree Pl NE Calgary AB T1Y 1M2 ,T1Y,3,2,1470,House
469900, 1288 SW Ranchview Rd NW Calgary AB T3G 1Y2 ,T3G,3,3,1789,House
469900, 228 W Pinetree Pl NE Calgary AB T1Y 1M2 ,T1Y,3,2,1470,House
469900, 1288 SW Ranchview Rd NW Calgary AB T3G 1Y2 ,T3G,3,3,1789,House
469900, 228 W Pinetree Pl NE Calgary AB T1Y 1M2 ,T1Y,3,2,1470,House
469900, 1288 SW Ranchview Rd NW Calgary AB T3G 1Y2 ,T3G,3,3,1789,House
469900, 228 W Pinetree Pl NE Calgary AB T1Y 1M2 ,T1Y,3,2,1470,House
469900, 1288 SW Ranchview Rd NW Calgary AB T3G 1Y2 ,T3G,3,3,1789,House
469900, 228 W Pinetree Pl NE Calgary AB T1Y 1M2 ,T1Y,3,2,1470,House
469900, 1288 SW Ranchview Rd NW Calgary AB T3G 1Y2 ,T3G,3,3,1789,House
469900, 228 W Pinetree Pl NE Calgary AB T1Y 1M2 ,T1Y,3,2,1470,House
469900, 1288 SW Ranchview Rd NW Calgary AB T3G 1Y2 ,T3G,3,3,1789,House
469900, 228 W Pinetree Pl NE Calgary AB T1Y 1M2 ,T1Y,3,2,1470,House
469900, 1288 SW Ranchview Rd NW Calgary AB T3G 1Y2 ,T3G,3,3,1789,House
469900, 228 W Pinetree Pl NE Calgary AB T1Y 1M2 ,T1Y,3,2,1470,House
469900, 1288 SW Ranchview Rd NW Calgary AB T3G 1Y2 ,T3G,3,3,1789,House
469900, 228 W Pinetree Pl NE Calgary AB T1Y 1M2 ,T1Y,3,2,1470,House
469900, 1288 SW Ranchview Rd NW Calgary AB T3G 1Y2 ,T3G,3,3,1789,House
469900, 228 W Pinetree Pl NE Calgary AB T1Y 1M2 ,T1Y,3,2,1470,House
469900, 1288 SW Ranchview Rd NW Calgary AB T3G 1Y2 ,T3G,3,3,1789,House
469900, 228 W Pinetree Pl NE Calgary AB T1Y 1M2 ,T1Y,3,2,1470,House
469900, 1288 SW Ranchview Rd NW Calgary AB T3G 1Y2 ,T3G,3,3,1789,House
469900, 228 W Pinetree Pl NE Calgary AB T1Y 1M2 ,T1Y,3,2,1470,House
469900, 1288 SW Ranchview Rd NW Calgary AB T3G 1Y2 ,T3G,3,3,1789,House
469900, 228 W Pinetree Pl NE Calgary AB T1Y 1M2 ,T1Y,3,2,1470,House
469900, 1288 SW Ranchview Rd NW Calgary AB T3G 1Y2 ,T3G,3,3,1789,House
469900, 228 W Pinetree Pl NE Calgary AB T1Y 1M2 ,T1Y,3,2,1470,House
469900, 1288 SW Ranchview Rd NW Calgary AB T3G 1Y2 ,T3G,3,3,1789,House
469900, 228 W Pinetree Pl NE Calgary AB T1Y 1M2 ,T1Y,3,2,1470,House
469900, 1288 SW Ranchview Rd NW Calgary AB T3G 1Y2 ,T3G,3,3,1789,House
469900, 228 W Pinetree Pl NE Calgary AB T1Y 1M2 ,T1Y,3,2,1470,House
469900, 1288 SW Ranchview Rd NW Calgary AB T3G 1Y2 ,T3G,3,3,1789,House
469900, 228 W Pinetree Pl NE Calgary AB T1Y 1M2 ,T1Y,3,2,1470,House
469900, 1288 SW Ranchview Rd NW Calgary AB T3G 1Y2 ,T3G,3,3,1789,House
469900, 228 W Pinetree Pl NE Calgary AB T1Y 1M2 ,T1Y,3,2,1470,House
469900, 1288 SW Ranchview Rd NW Calgary AB T3G 1Y2 ,T3G,3,3,1789,House
469900, 228 W Pinetree Pl NE Calgary AB T1Y 1M2 ,T1Y,3,2,1470,House
469900, 1288 SW Ranchview Rd NW Calgary AB T3G 1Y2 ,T3G,3,3,1789,House
469900, 228 W Pinetree Pl NE Calgary AB T1Y 1M2 ,T1Y,3,2,1470,House
469900, 1288 SW Ranchview Rd NW Calgary AB T3G 1Y2 ,T3G,3,3,1789,House
469900, 228 W Pinetree Pl NE Calgary AB T1Y 1M2 ,T1Y,3,2,1470,House
469900, 1288 SW Ranchview Rd NW Calgary AB T3G 1Y2 ,T3G,3,3,1789,House
469900, 228 W Pinetree Pl NE Calgary AB T1Y 1M2 ,T1Y,3,2,1470,House
469900, 1288 SW Ranchview Rd NW Calgary AB T3G 1Y2 ,T3G,3,3,1789,House
469900, 228 W Pinetree Pl NE Calgary AB T1Y 1M2 ,T1Y,3,2,1470,House
469900, 1288 SW Ranchview Rd NW Calgary AB T3G 1Y2 ,T3G,3,3,1789,House
469900, 228 W Pinetree Pl NE Calgary AB T1Y 1M2 ,T1Y,3,2,1470,House
469900, 1288 SW Ranchview Rd NW Calgary AB T3G 1Y2 ,T3G,3,3,1789,House
469900, 228 W Pinetree Pl NE Calgary AB T1Y 1M2 ,T1Y,3,2,1470,House
469900, 1288 SW Ranchview Rd NW Calgary AB T3G 1Y2 ,T3G,3,3,1789,House
469900, 228 W Pinetree Pl NE Calgary AB T1Y 1M2 ,T1Y,3,2,1470,House
469900, 1288 SW Ranchview Rd NW Calgary AB T3G 1Y2 ,T3G,3,3,1789,House
469900, 228 W Pinetree Pl NE Calgary AB T1Y 1M2 ,T1Y,3,2,1470,House
469900, 1288 SW Ranchview Rd NW Calgary AB T3G 1Y2 ,T3G,3,3,1789,House
469900, 228 W Pinetree Pl NE Calgary AB T1Y 1M2 ,T1Y,3,2,1470,House
469900, 1288 SW Ranchview Rd NW Calgary AB T3G 1Y2 ,T3G,3,3,1789,House
469900, 228 W Pinetree Pl NE Calgary AB T1Y 1M2 ,T1Y,3,2,1470,House
469900, 1288 SW Ranchview Rd NW Calgary AB T3G 1Y2 ,T3G,3,3,1789,House
469900, 228 W Pinetree Pl NE Calgary AB T1Y 1M2 ,T1Y,3,2,1470,House
469900, 1288 SW Ranchview Rd NW Calgary AB T3G 1Y2 ,T3G,3,3,1789,House
469900, 228 W Pinetree Pl NE Calgary AB T1Y 1M2 ,T1Y,3,2,1470,House
469900, 1288 SW Ranchview Rd NW Calgary AB T3G 1Y2 ,T3G,3,3,1789,House
469900, 228 W Pinetree Pl NE Calgary AB T1Y 1M2 ,T1Y,3,2,1470,House
469900, 1288 SW Ranchview Rd NW Calgary AB T3G 1Y2 ,T3G,3,3,1789,House
469900, 228 W Pinetree Pl NE Calgary AB T1Y 1M2 ,T1Y,3,2,1470,House
469900, 1288 SW Ranchview Rd NW Calgary AB T3G 1Y2 ,T3G,3,3,1789,House
469900, 228 W Pinetree Pl NE Calgary AB T1Y 1M2 ,T1Y,3,2,1470,House
469900, 1288 SW Ranchview Rd NW Calgary AB T3G 1Y2 ,T3G,3,3,1789,House
469900, 228 W Pinetree Pl NE Calgary AB T1Y 1M2 ,T1Y,3,2,1470,House
469900, 1288 SW Ranchview Rd NW Calgary AB T3G 1Y2 ,T3G,3,3,1789,House
469900, 228 W Pinetree Pl NE Calgary AB T1Y 1M2 ,T1Y,3,2,1470,House
469900, 1288 SW Ranchview Rd NW Calgary AB T3G 1Y2 ,T3G,3,3,1789,House
469900, 228 W Pinetree Pl NE Calgary AB T1Y 1M2 ,T1Y,3,2,1470,House
469900, 1288 SW Ranchview Rd NW Calgary AB T3G 1Y2 ,T3G,3,3,1789,House
469900, 228 W Pinetree Pl NE Calgary AB T1Y 1M2 ,T1Y,3,2,1470,House
469900, 1288 SW Ranchview Rd NW Calgary AB T3G 1Y2 ,T3G,3,3,1789,House
469900, 228 W Pinetree Pl NE Calgary AB T1Y 1M2 ,T1Y,3,2,1470,House
469900, 1288 SW Ranchview Rd NW Calgary AB T3G 1Y2 ,T3G,3,3,1789,House
469900, 228 W Pinetree Pl NE Calgary AB T1Y 1M2 ,T1Y,3,2,1470,House
469900, 1288 SW Ranchview Rd NW Calgary AB T3G 1Y2 ,T3G,3,3,1789,House
469900, 228 W Pinetree Pl NE Calgary AB T1Y 1M2 ,T1Y,3,2,1470,House
469900, 1288 SW Ranchview Rd NW Calgary AB T3G 1Y2 ,T3G,3,3,1789,House
469900, 228 W Pinetree Pl NE Calgary AB T1Y 1M2 ,T1Y,3,2,1470,House
469900, 1288 SW Ranchview Rd NW Calgary AB T3G 1Y2 ,T3G,3,3,1789,House
469900, 228 W Pinetree Pl NE Calgary AB T1Y 1M2 ,T1Y,3,2,1470,House
469900, 1288 SW Ranchview Rd NW Calgary AB T3G 1Y2 ,T3G,3,3,1789,House
469900, 228 W Pinetree Pl NE Calgary AB T1Y 1M2 ,T1Y,3,2,1470,House
469900, 1288 SW Ranchview Rd NW Calgary AB T3G 1Y2 ,T3G,3,3,1789,House
469900, 228 W Pinetree Pl NE Calgary AB T1Y 1M2 ,T1Y,3,2,1470,House
469900, 1288 SW Ranchview Rd NW Calgary AB T3G 1Y2 ,T3G,3,3,1789,House
469900, 228 W Pinetree Pl NE Calgary AB T1Y 1M2 ,T1Y,3,2,1470,House
469900, 1288 SW Ranchview Rd NW Calgary AB T3G 1Y2 ,T3G,3,3,1789,House
469900, 228 W Pinetree Pl NE Calgary AB T1Y 1M2 ,T1Y,3,2,1470,House
469900, 1288 SW Ranchview Rd NW Calgary AB T3G 1Y2 ,T3G,3,3,1789,House
469900, 228 W Pinetree Pl NE Calgary AB T1Y 1M2 ,T1Y,3,2,1470,House
469900, 1288 SW Ranchview Rd NW Calgary AB T3G 1Y2 ,T3G,3,3,1789,House
469900, 228 W Pinetree Pl NE Calgary AB T1Y 1M2 ,T1Y,3,2,1470,House
469900, 1288 SW Ranchview Rd NW Calgary AB T3G 1Y2 ,T3G,3,3,1789,House
469900, 228 W Pinetree Pl NE Calgary AB T1Y 1M2 ,T1Y,3,2,1470,House
469900, 1288 SW Ranchview Rd NW Calgary AB T3G 1Y2 ,T3G,3,3,1789,House
469900, 228 W Pinetree Pl NE Calgary AB T1Y 1M2 ,T1Y,3,2,1470,House
469900, 1288 SW Ranchview Rd NW Calgary AB T3G 1Y2 ,T3G,3,3,1789,House
469900, 228 W Pinetree Pl NE Calgary AB T1Y 1M2 ,T1Y,3,2,1470,House
469900, 1288 SW Ranchview Rd NW Calgary AB T3G 1Y2 ,T3G,3,3,1789,House
469900, 228 W Pinetree Pl NE Calgary AB T1Y 1M2 ,T1Y,3,2,1470,House
469900, 1288 SW Ranchview Rd NW Calgary AB T3G 1Y2 ,T3G,3,3,1789,House
469900, 228 W Pinetree Pl NE Calgary AB T1Y 1M2 ,T1Y,3,2,1470,House
469900, 1288 SW Ranchview Rd NW Calgary AB T3G 1Y2 ,T3G,3,3,1789,House
469900, 228 W Pinetree Pl NE Calgary AB T1Y 1M2 ,T1Y,3,2,1470,House
469900, 1288 SW Ranchview Rd NW Calgary AB T3G 1Y2 ,T3G,3,3,1789,House
469900, 228 W Pinetree Pl NE Calgary AB T1Y 1M2 ,T1Y,3,2,1470,House
469900, 1288 SW Ranchview Rd NW Calgary AB T3G 1Y2 ,T3G,3,3,1789,House
469900, 228 W Pinetree Pl NE Calgary AB T1Y 1M2 ,T1Y,3,2,1470,House
469900, 1288 SW Ranchview Rd NW Calgary AB T3G 1Y2 ,T3G,3,3,1789,House
469900, 228 W Pinetree Pl NE Calgary AB T1Y 1M2 ,T1Y,3,2,1470,House
469900, 1288 SW Ranchview Rd NW Calgary AB T3G 1Y2 ,T3G,3,3,1789,House
469900, 228 W Pinetree Pl NE Calgary AB T1Y 1M2 ,T1Y,3,2,1470,House
469900, 1288 SW Ranchview Rd NW Calgary AB T3G 1Y2 ,T3G,3,3,1789,House
469900, 228 W Pinetree Pl NE Calgary AB T1Y 1M2 ,T1Y,3,2,1470,House
469900, 1288 SW Ranchview Rd NW Calgary AB T3G 1Y2 ,T3G,3,3,1789,House
469900, 228 W Pinetree Pl NE Calgary AB T1Y 1M2 ,T1Y,3,2,1470,House
469900, 1288 SW Ranchview Rd NW Calgary AB T3G 1Y2 ,T3G,3,3,1789,House
469900, 228 W Pinetree Pl NE Calgary AB T1Y 1M2 ,T1Y,3,2,1470,House
469900, 1288 SW Ranchview Rd NW Calgary AB T3G 1Y2 ,T3G,3,3,1789,House
469900, 228 W Pinetree Pl NE Calgary AB T1Y 1M2 ,T1Y,3,2,1470,House
469900, 1288 SW Ranchview Rd NW Calgary AB T3G 1Y2 ,T3G,3,3,1789,House
469900, 228 W Pinetree Pl NE Calgary AB T1Y 1M2 ,T1Y,3,2,1470,House
469900, 1288 SW Ranchview Rd NW Calgary AB T3G 1Y2 ,T3G,3,3,1789,House
469900, 228 W Pinetree Pl NE Calgary AB T1Y 1M2 ,T1Y,3,2,1470,House
469900, 1288 SW Ranchview Rd NW Calgary AB T3G 1Y2 ,T3G,3,3,1789,House
469900, 228 W Pinetree Pl NE Calgary AB T1Y 1M2 ,T1Y,3,2,1470,House
469900, 1288 SW Ranchview Rd NW Calgary AB T3G 1Y2 ,T3G,3,3,1789,House
469900, 228 W Pinetree Pl NE Calgary AB T1Y 1M2 ,T1Y,3,2,1470,House
469900, 1288 SW Ranchview Rd NW Calgary AB T3G 1Y2 ,T3G,3,3,1789,House
469900, 228 W Pinetree Pl NE Calgary AB T1Y 1M2 ,T1Y,3,2,1470,House
469900, 1288 SW Ranchview Rd NW Calgary AB T3G 1Y2 ,T3G,3,3,1789,House
469900, 228 W Pinetree Pl NE Calgary AB T1Y 1M2 ,T1Y,3,2,1470,House
469900, 1288 SW Ranchview Rd NW Calgary AB T3G 1Y2 ,T3G,3,3,1789,House
469900, 228 W Pinetree Pl NE Calgary AB T1Y 1M2 ,T1Y,3,2,1470,House
469900, 1288 SW Ranchview Rd NW Calgary AB T3G 1Y2 ,T3G,3,3,1789,House
469900, 228 W Pinetree Pl NE Calgary AB T1Y 1M2 ,T1Y,3,2,1470,House
469900, 1288 SW Ranchview Rd NW Calgary AB T3G 1Y2 ,T3G,3,3,1789,House
469900, 228 W Pinetree Pl NE Calgary AB T1Y 1M2 ,T1Y,3,2,1470,House
469900, 1288 SW Ranchview Rd NW Calgary AB T3G 1Y2 ,T3G,3,3,1789,House
469900, 228 W Pinetree Pl NE Calgary AB T1Y 1M2 ,T1Y,3,2,1470,House
469900, 1288 SW Ranchview Rd NW Calgary AB T3G 1Y2 ,T3G,3,3,1789,House
469900, 228 W Pinetree Pl NE Calgary AB T1Y 1M2 ,T1Y,3,2,1470,House
469900, 1288 SW Ranchview Rd NW Calgary AB T3G 1Y2 ,T3G,3,3,1789,House
469900, 228 W Pinetree Pl NE Calgary AB T1Y 1M2 ,T1Y,3,2,1470,House
469900, 1288 SW Ranchview Rd NW Calgary AB T3G 1Y2 ,T3G,3,3,1789,House
469900, 228 W Pinetree Pl NE Calgary AB T1Y 1M2 ,T1Y,3,2,1470,House
469900, 1288 SW Ranchview Rd NW Calgary AB T3G 1Y2 ,T3G,3,3,1789,House
469900, 228 W Pinetree Pl NE Calgary AB T1Y 1M2 ,T1Y,3,2,1470,House
469900, 1288 SW Ranchview Rd NW Calgary AB T3G 1Y2 ,T3G,3,3,1789,House
469900, 228 W Pinetree Pl NE Calgary AB T1Y 1M2 ,T1Y,3,2,1470,House
469900, 1288 SW Ranchview Rd NW Calgary AB T3G 1Y2 ,T3G,3,3,1789,House
469900, 228 W Pinetree Pl NE Calgary AB T1Y 1M2 ,T1Y,3,2,1470,House
469900, 1288 SW Ranchview Rd NW Calgary AB T3G 1Y2 ,T3G,3,3,1789,House
469900, 228 W Pinetree Pl NE Calgary AB T1Y 1M2 ,T1Y,3,2,1470,House
469900, 1288 SW Ranchview Rd NW Calgary AB T3G 1Y2 ,T3G,3,3,1789,House
469900, 228 W Pinetree Pl NE Calgary AB T1Y 1M2 ,T1Y,3,2,1470,House
469900, 1288 SW Ranchview Rd NW Calgary AB T3G 1Y2 ,T3G,3,3,1789,House
469900, 228 W Pinetree Pl NE Calgary AB T1Y 1M2 ,T1Y,3,2,1470,House
469900, 1288 SW Ranchview Rd NW Calgary AB T3G 1Y2 ,T3G,3,3,1789,House
469900, 228 W Pinetree Pl NE Calgary AB T1Y 1M2 ,T1Y,3,2,1470,House
469900, 1288 SW Ranchview Rd NW Calgary AB T3G 1Y2 ,T3G,3,3,1789,House
469900, 228 W Pinetree Pl NE Calgary AB T1Y 1M2 ,T1Y,3,2,1470,House
469900, 1288 SW Ranchview Rd NW Calgary AB T3G 1Y2 ,T3G,3,3,1789,House
469900, 228 W Pinetree Pl NE Calgary AB T1Y 1M2 ,T1Y,3,2,1470,House
469900, 1288 SW Ranchview Rd NW Calgary AB T3G 1Y2 ,T3G,3,3,1789,House
469900, 228 W Pinetree Pl NE Calgary AB T1Y 1M2 ,T1Y,3,2,1470,House
469900, 1288 SW Ranchview Rd NW Calgary AB T3G 1Y2 ,T3G,3,3,1789,House
469900, 228 W Pinetree Pl NE Calgary AB T1Y 1M2 ,T1Y,3,2,1470,House
469900, 1288 SW Ranchview Rd NW Calgary AB T3G 1Y2 ,T3G,3,3,1789,House
469900, 228 W Pinetree Pl NE Calgary AB T1Y 1M2 ,T1Y,3,2,1470,House
469900, 1288 SW Ranchview Rd NW Calgary AB T3G 1Y2 ,T3G,3,3,1789,House
469900, 228 W Pinetree Pl NE Calgary AB T1Y 1M2 ,T1Y,3,2,1470,House
469900, 1288 SW Ranchview Rd NW Calgary AB T3G 1Y2 ,T3G,3,3,1789,House
469900, 228 W Pinetree Pl NE Calgary AB T1Y 1M2 ,T1Y,3,2,1470,House
469900, 1288 SW Ranchview Rd NW Calgary AB T3G 1Y2 ,T3G,3,3,1789,House
469900, 228 W Pinetree Pl NE Calgary AB T1Y 1M2 ,T1Y,3,2,1470,House
469900, 1288 SW Ranchview Rd NW Calgary AB T3G 1Y2 ,T3G,3,3,1789,House
469900, 228 W Pinetree Pl NE Calgary AB T1Y 1M2 ,T1Y,3,2,1470,House
469900, 1288 SW Ranchview Rd NW Calgary AB T3G 1Y2 ,T3G,3,3,1789,House
469900, 228 W Pinetree Pl NE Calgary AB T1Y 1M2 ,T1Y,3,2,1470,House
469900, 1288 SW Ranchview Rd NW Calgary AB T3G 1Y2 ,T3G,3,3,1789,House
469900, 228 W Pinetree Pl NE Calgary AB T1Y 1M2 ,T1Y,3,2,1470,House
469900, 1288 SW Ranchview Rd NW Calgary AB T3G 1Y2 ,T3G,3,3,1789,House
469900, 228 W Pinetree Pl NE Calgary AB T1Y 1M2 ,T1Y,3,2,1470,House
469900, 1288 SW Ranchview Rd NW Calgary AB T3G 1Y2 ,T3G,3,3,1789,House
469900, 228 W Pinetree Pl NE Calgary AB T1Y 1M2 ,T1Y,3,2,1470,House
469900, 1288 SW Ranchview Rd NW Calgary AB T3G 1Y2 ,T3G,3,3,1789,House
469900, 228 W Pinetree Pl NE Calgary AB T1Y 1M2 ,T1Y,3,2,1470,House
469900, 1288 SW Ranchview Rd NW Calgary AB T3G 1Y2 ,T3G,3,3,1789,House
469900, 228 W Pinetree Pl NE Calgary AB T1Y 1M2 ,T1Y,3,2,1470,House
469900, 1288 SW Ranchview Rd NW Calgary AB T3G 1Y2 ,T3G,3,3,1789,House
465000, 160 S Livingston Vw NE Calgary AB T3P 0Z9 ,T3P,4,4,1333,Townhouse
459900, 838 S 19th Ave SW #316 Calgary AB T2T 6H2 ,T2T,2,2,1213,Apartment
450000, 1436 W 38th St SW Calgary AB T3C 1T5 ,T3C,4,3,1093,House
450000, 176 SW Arbour Grove Clos NW Calgary AB T3G 4J2 ,T3G,4,4,1284,House
449900, 1915 E 65th St NE Calgary AB T1Y 1N5 ,T1Y,4,2,897,House
449900, 84 SW Beddington Cir NE Calgary AB T3K 1K6 ,T3K,4,3,1281,House
449900, 324 N Copperstone Mnr SE Calgary AB T2Z 5G3 ,T2Z,2,3,1300,House
449000, 63 N Cramond Grn SE Calgary AB T3M 1J9 ,T3M,3,3,1142,House
445000, 60 E 24th Ave SW #504 Calgary AB T2S 3C9 ,T2S,2,2,1179,Apartment
444900, 248 S Whitehorn Cres NE Calgary AB T1Y 1X8 ,T1Y,3,3,1129,House
435000, 2025 New Brighton Park SE Calgary AB T2Z 1B1 ,T2Z,3,2,1229,House
434900, 7525 N 37th Ave NW Calgary AB T3B 1W8 ,T3B,5,2,849,House
432900, 715 NE 2nd Ave NW #1 Calgary AB T2N 0E4 ,T2N,3,2,1234,Townhouse
425000, 7830 S Ranchview Dr NW Calgary AB T3G 1X8 ,T3G,3,3,1456,House
424900, 20 Dover Ridge Pl SE Calgary AB T2B 2B9 ,T2B,4,2,1018,House
419900, 4-177 9th St NE #4 Calgary AB T2E 4K5 ,T2E,2,2,952,Condo
415000, 55 W McKernan Rd SE Calgary AB T2Z 1S7 ,T2Z,3,2,1150,House
409000, 22 S Aspen Hills Grn SW Calgary AB T3H 0R7 ,T3H,2,3,1112,Townhouse
399900, 5616 S 14th Ave SW #27 Calgary AB T3H 3P9 ,T3H,3,3,1267,Townhouse
399900, 20 S Seton Park SE #404 Calgary AB T3M 2V4 ,T3M,3,2,1141,Apartment
399000, 182 E Erin Grv SE Calgary AB T2B 3L3 ,T2B,3,2,1348,House
384900, 916 Memorial Dr NW #505 Calgary AB T2N 3C9 ,T2N,2,1,775,Apartment
380000, 110 NW Chaparral Valley Gdns SE Calgary AB T2X 0P9 ,T2X,3,3,1258,Townhouse
380000, 1403 W Evanston Sq NW Calgary AB T3P 0G9 ,T3P,2,3,1272,Townhouse
380000, 506 SW Nolan Hill Blvd NW Calgary AB T3R 0X2 ,T3R,2,3,1255,Townhouse
369900, 139 S Bergen Cres NW Calgary AB T3K 1J2 ,T3K,3,2,896,House
369900, 11 N Chapalina Sq SE Calgary AB T2X 0J4 ,T2X,3,3,1233,Townhouse
365000, 61 S Redstone Cir NE Calgary AB T3N 0M8 ,T3N,2,3,1388,Townhouse
365000, 61 S Redstone Cir NE Calgary AB T3N 0M8 ,T3N,2,3,1388,Townhouse
365000, 61 S Redstone Cir NE Calgary AB T3N 0M8 ,T3N,2,3,1388,Townhouse
365000, 61 S Redstone Cir NE Calgary AB T3N 0M8 ,T3N,2,3,1388,Townhouse
365000, 61 S Redstone Cir NE Calgary AB T3N 0M8 ,T3N,2,3,1388,Townhouse
365000, 61 S Redstone Cir NE Calgary AB T3N 0M8 ,T3N,2,3,1388,Townhouse
365000, 61 S Redstone Cir NE Calgary AB T3N 0M8 ,T3N,2,3,1388,Townhouse
365000, 61 S Redstone Cir NE Calgary AB T3N 0M8 ,T3N,2,3,1388,Townhouse
365000, 61 S Redstone Cir NE Calgary AB T3N 0M8 ,T3N,2,3,1388,Townhouse
365000, 61 S Redstone Cir NE Calgary AB T3N 0M8 ,T3N,2,3,1388,Townhouse
365000, 61 S Redstone Cir NE Calgary AB T3N 0M8 ,T3N,2,3,1388,Townhouse
365000, 61 S Redstone Cir NE Calgary AB T3N 0M8 ,T3N,2,3,1388,Townhouse
365000, 61 S Redstone Cir NE Calgary AB T3N 0M8 ,T3N,2,3,1388,Townhouse
365000, 61 S Redstone Cir NE Calgary AB T3N 0M8 ,T3N,2,3,1388,Townhouse
365000, 61 S Redstone Cir NE Calgary AB T3N 0M8 ,T3N,2,3,1388,Townhouse
365000, 61 S Redstone Cir NE Calgary AB T3N 0M8 ,T3N,2,3,1388,Townhouse
365000, 61 S Redstone Cir NE Calgary AB T3N 0M8 ,T3N,2,3,1388,Townhouse
365000, 61 S Redstone Cir NE Calgary AB T3N 0M8 ,T3N,2,3,1388,Townhouse
365000, 61 S Redstone Cir NE Calgary AB T3N 0M8 ,T3N,2,3,1388,Townhouse
365000, 61 S Redstone Cir NE Calgary AB T3N 0M8 ,T3N,2,3,1388,Townhouse
365000, 61 S Redstone Cir NE Calgary AB T3N 0M8 ,T3N,2,3,1388,Townhouse
365000, 61 S Redstone Cir NE Calgary AB T3N 0M8 ,T3N,2,3,1388,Townhouse
365000, 61 S Redstone Cir NE Calgary AB T3N 0M8 ,T3N,2,3,1388,Townhouse
365000, 61 S Redstone Cir NE Calgary AB T3N 0M8 ,T3N,2,3,1388,Townhouse
365000, 61 S Redstone Cir NE Calgary AB T3N 0M8 ,T3N,2,3,1388,Townhouse
365000, 61 S Redstone Cir NE Calgary AB T3N 0M8 ,T3N,2,3,1388,Townhouse
365000, 61 S Redstone Cir NE Calgary AB T3N 0M8 ,T3N,2,3,1388,Townhouse
365000, 61 S Redstone Cir NE Calgary AB T3N 0M8 ,T3N,2,3,1388,Townhouse
365000, 61 S Redstone Cir NE Calgary AB T3N 0M8 ,T3N,2,3,1388,Townhouse
365000, 61 S Redstone Cir NE Calgary AB T3N 0M8 ,T3N,2,3,1388,Townhouse
365000, 61 S Redstone Cir NE Calgary AB T3N 0M8 ,T3N,2,3,1388,Townhouse
365000, 61 S Redstone Cir NE Calgary AB T3N 0M8 ,T3N,2,3,1388,Townhouse
365000, 61 S Redstone Cir NE Calgary AB T3N 0M8 ,T3N,2,3,1388,Townhouse
365000, 61 S Redstone Cir NE Calgary AB T3N 0M8 ,T3N,2,3,1388,Townhouse
365000, 61 S Redstone Cir NE Calgary AB T3N 0M8 ,T3N,2,3,1388,Townhouse
365000, 61 S Redstone Cir NE Calgary AB T3N 0M8 ,T3N,2,3,1388,Townhouse
365000, 61 S Redstone Cir NE Calgary AB T3N 0M8 ,T3N,2,3,1388,Townhouse
365000, 61 S Redstone Cir NE Calgary AB T3N 0M8 ,T3N,2,3,1388,Townhouse
365000, 61 S Redstone Cir NE Calgary AB T3N 0M8 ,T3N,2,3,1388,Townhouse
365000, 61 S Redstone Cir NE Calgary AB T3N 0M8 ,T3N,2,3,1388,Townhouse
365000, 61 S Redstone Cir NE Calgary AB T3N 0M8 ,T3N,2,3,1388,Townhouse
365000, 61 S Redstone Cir NE Calgary AB T3N 0M8 ,T3N,2,3,1388,Townhouse
365000, 61 S Redstone Cir NE Calgary AB T3N 0M8 ,T3N,2,3,1388,Townhouse
365000, 61 S Redstone Cir NE Calgary AB T3N 0M8 ,T3N,2,3,1388,Townhouse
365000, 61 S Redstone Cir NE Calgary AB T3N 0M8 ,T3N,2,3,1388,Townhouse
365000, 61 S Redstone Cir NE Calgary AB T3N 0M8 ,T3N,2,3,1388,Townhouse
365000, 61 S Redstone Cir NE Calgary AB T3N 0M8 ,T3N,2,3,1388,Townhouse
365000, 61 S Redstone Cir NE Calgary AB T3N 0M8 ,T3N,2,3,1388,Townhouse
365000, 61 S Redstone Cir NE Calgary AB T3N 0M8 ,T3N,2,3,1388,Townhouse
365000, 61 S Redstone Cir NE Calgary AB T3N 0M8 ,T3N,2,3,1388,Townhouse
365000, 61 S Redstone Cir NE Calgary AB T3N 0M8 ,T3N,2,3,1388,Townhouse
365000, 61 S Redstone Cir NE Calgary AB T3N 0M8 ,T3N,2,3,1388,Townhouse
365000, 61 S Redstone Cir NE Calgary AB T3N 0M8 ,T3N,2,3,1388,Townhouse
365000, 61 S Redstone Cir NE Calgary AB T3N 0M8 ,T3N,2,3,1388,Townhouse
365000, 61 S Redstone Cir NE Calgary AB T3N 0M8 ,T3N,2,3,1388,Townhouse
365000, 61 S Redstone Cir NE Calgary AB T3N 0M8 ,T3N,2,3,1388,Townhouse
365000, 61 S Redstone Cir NE Calgary AB T3N 0M8 ,T3N,2,3,1388,Townhouse
365000, 61 S Redstone Cir NE Calgary AB T3N 0M8 ,T3N,2,3,1388,Townhouse
365000, 61 S Redstone Cir NE Calgary AB T3N 0M8 ,T3N,2,3,1388,Townhouse
365000, 61 S Redstone Cir NE Calgary AB T3N 0M8 ,T3N,2,3,1388,Townhouse
365000, 61 S Redstone Cir NE Calgary AB T3N 0M8 ,T3N,2,3,1388,Townhouse
365000, 61 S Redstone Cir NE Calgary AB T3N 0M8 ,T3N,2,3,1388,Townhouse
365000, 61 S Redstone Cir NE Calgary AB T3N 0M8 ,T3N,2,3,1388,Townhouse
365000, 61 S Redstone Cir NE Calgary AB T3N 0M8 ,T3N,2,3,1388,Townhouse
365000, 61 S Redstone Cir NE Calgary AB T3N 0M8 ,T3N,2,3,1388,Townhouse
365000, 61 S Redstone Cir NE Calgary AB T3N 0M8 ,T3N,2,3,1388,Townhouse
365000, 61 S Redstone Cir NE Calgary AB T3N 0M8 ,T3N,2,3,1388,Townhouse
365000, 61 S Redstone Cir NE Calgary AB T3N 0M8 ,T3N,2,3,1388,Townhouse
365000, 61 S Redstone Cir NE Calgary AB T3N 0M8 ,T3N,2,3,1388,Townhouse
365000, 61 S Redstone Cir NE Calgary AB T3N 0M8 ,T3N,2,3,1388,Townhouse
365000, 61 S Redstone Cir NE Calgary AB T3N 0M8 ,T3N,2,3,1388,Townhouse
365000, 61 S Redstone Cir NE Calgary AB T3N 0M8 ,T3N,2,3,1388,Townhouse
365000, 61 S Redstone Cir NE Calgary AB T3N 0M8 ,T3N,2,3,1388,Townhouse
365000, 61 S Redstone Cir NE Calgary AB T3N 0M8 ,T3N,2,3,1388,Townhouse
365000, 61 S Redstone Cir NE Calgary AB T3N 0M8 ,T3N,2,3,1388,Townhouse
365000, 61 S Redstone Cir NE Calgary AB T3N 0M8 ,T3N,2,3,1388,Townhouse
365000, 61 S Redstone Cir NE Calgary AB T3N 0M8 ,T3N,2,3,1388,Townhouse
365000, 61 S Redstone Cir NE Calgary AB T3N 0M8 ,T3N,2,3,1388,Townhouse
365000, 61 S Redstone Cir NE Calgary AB T3N 0M8 ,T3N,2,3,1388,Townhouse
365000, 61 S Redstone Cir NE Calgary AB T3N 0M8 ,T3N,2,3,1388,Townhouse
365000, 61 S Redstone Cir NE Calgary AB T3N 0M8 ,T3N,2,3,1388,Townhouse
365000, 61 S Redstone Cir NE Calgary AB T3N 0M8 ,T3N,2,3,1388,Townhouse
365000, 61 S Redstone Cir NE Calgary AB T3N 0M8 ,T3N,2,3,1388,Townhouse
365000, 61 S Redstone Cir NE Calgary AB T3N 0M8 ,T3N,2,3,1388,Townhouse
365000, 61 S Redstone Cir NE Calgary AB T3N 0M8 ,T3N,2,3,1388,Townhouse
365000, 61 S Redstone Cir NE Calgary AB T3N 0M8 ,T3N,2,3,1388,Townhouse
365000, 61 S Redstone Cir NE Calgary AB T3N 0M8 ,T3N,2,3,1388,Townhouse
365000, 61 S Redstone Cir NE Calgary AB T3N 0M8 ,T3N,2,3,1388,Townhouse
365000, 61 S Redstone Cir NE Calgary AB T3N 0M8 ,T3N,2,3,1388,Townhouse
365000, 61 S Redstone Cir NE Calgary AB T3N 0M8 ,T3N,2,3,1388,Townhouse
365000, 61 S Redstone Cir NE Calgary AB T3N 0M8 ,T3N,2,3,1388,Townhouse
365000, 61 S Redstone Cir NE Calgary AB T3N 0M8 ,T3N,2,3,1388,Townhouse
365000, 61 S Redstone Cir NE Calgary AB T3N 0M8 ,T3N,2,3,1388,Townhouse
365000, 61 S Redstone Cir NE Calgary AB T3N 0M8 ,T3N,2,3,1388,Townhouse
365000, 61 S Redstone Cir NE Calgary AB T3N 0M8 ,T3N,2,3,1388,Townhouse
365000, 61 S Redstone Cir NE Calgary AB T3N 0M8 ,T3N,2,3,1388,Townhouse
365000, 61 S Redstone Cir NE Calgary AB T3N 0M8 ,T3N,2,3,1388,Townhouse
365000, 61 S Redstone Cir NE Calgary AB T3N 0M8 ,T3N,2,3,1388,Townhouse
365000, 61 S Redstone Cir NE Calgary AB T3N 0M8 ,T3N,2,3,1388,Townhouse
365000, 61 S Redstone Cir NE Calgary AB T3N 0M8 ,T3N,2,3,1388,Townhouse
365000, 61 S Redstone Cir NE Calgary AB T3N 0M8 ,T3N,2,3,1388,Townhouse
365000, 61 S Redstone Cir NE Calgary AB T3N 0M8 ,T3N,2,3,1388,Townhouse
365000, 61 S Redstone Cir NE Calgary AB T3N 0M8 ,T3N,2,3,1388,Townhouse
365000, 61 S Redstone Cir NE Calgary AB T3N 0M8 ,T3N,2,3,1388,Townhouse
365000, 61 S Redstone Cir NE Calgary AB T3N 0M8 ,T3N,2,3,1388,Townhouse
365000, 61 S Redstone Cir NE Calgary AB T3N 0M8 ,T3N,2,3,1388,Townhouse
365000, 61 S Redstone Cir NE Calgary AB T3N 0M8 ,T3N,2,3,1388,Townhouse
365000, 61 S Redstone Cir NE Calgary AB T3N 0M8 ,T3N,2,3,1388,Townhouse
365000, 61 S Redstone Cir NE Calgary AB T3N 0M8 ,T3N,2,3,1388,Townhouse
365000, 61 S Redstone Cir NE Calgary AB T3N 0M8 ,T3N,2,3,1388,Townhouse
365000, 61 S Redstone Cir NE Calgary AB T3N 0M8 ,T3N,2,3,1388,Townhouse
365000, 61 S Redstone Cir NE Calgary AB T3N 0M8 ,T3N,2,3,1388,Townhouse
365000, 61 S Redstone Cir NE Calgary AB T3N 0M8 ,T3N,2,3,1388,Townhouse
365000, 61 S Redstone Cir NE Calgary AB T3N 0M8 ,T3N,2,3,1388,Townhouse
365000, 61 S Redstone Cir NE Calgary AB T3N 0M8 ,T3N,2,3,1388,Townhouse
365000, 61 S Redstone Cir NE Calgary AB T3N 0M8 ,T3N,2,3,1388,Townhouse
365000, 61 S Redstone Cir NE Calgary AB T3N 0M8 ,T3N,2,3,1388,Townhouse
365000, 61 S Redstone Cir NE Calgary AB T3N 0M8 ,T3N,2,3,1388,Townhouse
365000, 61 S Redstone Cir NE Calgary AB T3N 0M8 ,T3N,2,3,1388,Townhouse
365000, 61 S Redstone Cir NE Calgary AB T3N 0M8 ,T3N,2,3,1388,Townhouse
365000, 61 S Redstone Cir NE Calgary AB T3N 0M8 ,T3N,2,3,1388,Townhouse
365000, 61 S Redstone Cir NE Calgary AB T3N 0M8 ,T3N,2,3,1388,Townhouse
365000, 61 S Redstone Cir NE Calgary AB T3N 0M8 ,T3N,2,3,1388,Townhouse
365000, 61 S Redstone Cir NE Calgary AB T3N 0M8 ,T3N,2,3,1388,Townhouse
365000, 61 S Redstone Cir NE Calgary AB T3N 0M8 ,T3N,2,3,1388,Townhouse
365000, 61 S Redstone Cir NE Calgary AB T3N 0M8 ,T3N,2,3,1388,Townhouse
365000, 61 S Redstone Cir NE Calgary AB T3N 0M8 ,T3N,2,3,1388,Townhouse
365000, 61 S Redstone Cir NE Calgary AB T3N 0M8 ,T3N,2,3,1388,Townhouse
365000, 61 S Redstone Cir NE Calgary AB T3N 0M8 ,T3N,2,3,1388,Townhouse
365000, 61 S Redstone Cir NE Calgary AB T3N 0M8 ,T3N,2,3,1388,Townhouse
365000, 61 S Redstone Cir NE Calgary AB T3N 0M8 ,T3N,2,3,1388,Townhouse
364900, 308-2505 17th Ave SW #308 Calgary AB T3E 0C1 ,T3E,2,2,1000,Condo
364800, 208-2426 34th Ave SW #208 Calgary AB T2T 2B4 ,T2T,2,2,967,Condo
364800, 2426 W 34th Ave SW #208 Calgary AB T2T 2C8 ,T2T,2,2,967,Townhouse
359900, 881 N 15th Ave SW #104 Calgary AB T2R 1R8 ,T2R,2,2,950,Apartment
349900, 4250 S Seton Dr SE #408 Calgary AB T3M 3B7 ,T3M,2,2,1065,Apartment
349900, 101 N Deer Ridge Clos SE Calgary AB T2J 7C2 ,T2J,2,2,1034,House
349900, 623 N Hawkstone Mnr NW Calgary AB T3G 3X2 ,T3G,3,3,1374,Townhouse
348000, 730 N 5th St NE #207 Calgary AB T2E 3W8 ,T2E,1,2,746,Apartment
345000, 15 Royal Birch Mount Calgary AB T3G 5W7 ,T3G,2,2,1140,Townhouse
330000, 250 W Sage Valley Rd NW #1002 Calgary AB T3R 0R6 ,T3R,2,2,1018,Townhouse
330000, 636 NE Copperpond Blvd SE Calgary AB T2Z 5B9 ,T2Z,2,3,1047,Townhouse
329000, 96 S Country Village Ln NE Calgary AB T3K 0E8 ,T3K,3,3,1174,Townhouse
320000, 1809 S Copperfield Blvd SE Calgary AB T2Z 0Y8 ,T2Z,3,4,1264,Townhouse
315000, 14645 E 6th St SW #2007 Calgary AB T2Y 3S1 ,T2Y,2,2,1415,Townhouse
314900, 1020 S 14th Ave SW #203 Calgary AB T2R 0P1 ,T2R,2,1,1177,Apartment
309900, 50 Somervale Park SW Calgary AB T2Y 3J4 ,T2Y,2,1,933,Townhouse
309900, 190 S Mount Aberdeen Mnr SE Calgary AB T2Z 3N8 ,T2Z,3,2,1203,Townhouse
269900, 140 SW Rockyledge Vw NW #14 Calgary AB T3G 5Y4 ,T3G,2,2,907,Townhouse
259900, 15 S Saddlestone Way NE #213 Calgary AB T3J 0S3 ,T3J,2,2,954,Apartment
259900, 279 E Copperpond Cmn SE #5110 Calgary AB T2Z 1J6 ,T2Z,2,2,771,House
250000, 11811 E Lake Fraser Dr SE #3405 Calgary AB T2J 7J4 ,T2J,2,2,966,Apartment
249900, 647 N 1st Ave NE #202 Calgary AB T2E 0B5 ,T2E,2,1,820,Apartment
249900, 1704-738 3rd Ave SW #1704 Calgary AB T2P 0E7 ,T2P,2,1,1157,Condo
240000, 302 Skyview Ranch Dr NE #3110 Calgary AB T3N 0P5 ,T3N,2,2,819,Apartment
230000, 279 NW Copperpond Cmn SE #2202 Calgary AB T2Z 1J6 ,T2Z,2,2,801,Apartment
220500, 1155 Falconridge Dr SE #55 Calgary AB T3J 1E1 ,T3J,2,1,995,Townhouse
220000, 60 W Panatella St NW #3203 Calgary AB T3K 0M3 ,T3K,2,2,947,Apartment
214900, 3032 W Rundleson Rd NE #46 Calgary AB T1Y 3Z6 ,T1Y,3,2,1004,Townhouse
214900, 1205 E 53b St SE Calgary AB T2A 1W1 ,T2A,3,1,433,Townhouse
212500, 123 N Mount Selkirk Clos SE Calgary AB T2Z 2R5 ,T2Z,1,1,1851,House
210000, 221 N 6th Ave SE #511 Calgary AB T2G 4Z9 ,T2G,1,1,700,Apartment
187900, 2111 E 14th St SW #202 Calgary AB T2T 3T2 ,T2T,2,1,753,Apartment
169900, 6224 S 17th Ave SE #1414 Calgary AB T2A 7X8 ,T2A,2,1,843,Apartment
110000, 206-2611 15a St SW #206 Calgary AB T2T 4C7 ,T2T,2,1,743,Condo
